table1,table2,column,overlap_count
django_migrations,django_admin_log,id,9
django_migrations,django_content_type,id,17
django_migrations,auth_permission,id,34
django_migrations,auth_user,id,4
django_migrations,connection_fileconnection,id,2
django_migrations,connection_connection,id,5
django_admin_log,django_migrations,id,9
django_admin_log,django_content_type,id,9
django_admin_log,auth_permission,id,9
django_admin_log,auth_permission,content_type_id,2
django_admin_log,auth_user,id,4
django_admin_log,connection_fileconnection,id,2
django_admin_log,connection_connection,id,5
django_content_type,django_migrations,id,17
django_content_type,django_admin_log,id,9
django_content_type,auth_permission,id,17
django_content_type,auth_user,id,4
django_content_type,connection_fileconnection,id,2
django_content_type,connection_connection,id,5
auth_permission,django_migrations,id,34
auth_permission,django_admin_log,id,9
auth_permission,django_admin_log,content_type_id,2
auth_permission,django_content_type,id,17
auth_permission,auth_user,id,4
auth_permission,connection_fileconnection,id,2
auth_permission,connection_connection,id,5
auth_user,django_migrations,id,4
auth_user,django_admin_log,id,4
auth_user,django_content_type,id,4
auth_user,auth_permission,id,4
auth_user,connection_fileconnection,id,2
auth_user,connection_connection,id,1
connection_project,connection_objects,project_name,4
connection_project,connection_connection,project_name,1
connection_objects,connection_project,project_name,4
connection_objects,connection_segments,project_id_id,6
connection_objects,connection_fileconnection,project_id_id,2
connection_objects,connection_connection,project_id_id,4
connection_objects,connection_connection,project_name,1
connection_objects,connection_saverule,project_id_id,2
connection_segments,connection_objects,project_id_id,6
connection_segments,connection_fileconnection,project_id_id,2
connection_segments,connection_connection,project_id_id,4
connection_segments,connection_saverule,project_id_id,2
connection_fileconnection,django_migrations,id,2
connection_fileconnection,django_admin_log,id,2
connection_fileconnection,django_content_type,id,2
connection_fileconnection,auth_permission,id,2
connection_fileconnection,auth_user,id,2
connection_fileconnection,connection_objects,project_id_id,2
connection_fileconnection,connection_segments,project_id_id,2
connection_fileconnection,connection_connection,project_id_id,2
connection_fileconnection,connection_saverule,project_id_id,1
connection_connection,django_migrations,id,5
connection_connection,django_admin_log,id,5
connection_connection,django_content_type,id,5
connection_connection,auth_permission,id,5
connection_connection,auth_user,id,1
connection_connection,connection_project,project_name,1
connection_connection,connection_objects,project_id_id,4
connection_connection,connection_objects,project_name,1
connection_connection,connection_segments,project_id_id,4
connection_connection,connection_fileconnection,project_id_id,2
connection_connection,connection_saverule,project_id_id,2
connection_saverule,connection_objects,project_id_id,2
connection_saverule,connection_segments,project_id_id,2
connection_saverule,connection_fileconnection,project_id_id,1
connection_saverule,connection_connection,project_id_id,2
t_1_Material_General_Data_mandatory,t_5_Material_General_Data_mandatory,MATERIAL,57
t_1_Material_General_Data_mandatory,t_5_Material_General_Data_mandatory,MATERIALBYCUSTOMER,1
t_1_Material_General_Data_mandatory,t_5_Material_General_Data_mandatory,MATERIALDESCRIPTIONBYCUSTOMER,1
t_1_Material_General_Data_mandatory,t_5_Material_General_Data_mandatory,CUSTOMERMATERIALSEARCHTERM,1
t_1_Material_General_Data_mandatory,t_5_Material_General_Data_mandatory,PLANT,1
t_1_Material_General_Data_mandatory,t_5_Material_General_Data_mandatory,DELIVERYPRIORITY,1
t_1_Material_General_Data_mandatory,t_5_Material_General_Data_mandatory,MINDELIVERYQTYINBASEUNIT,1
t_1_Material_General_Data_mandatory,t_5_Material_General_Data_mandatory,PARTIALDELIVERYISALLOWED,1
t_1_Material_General_Data_mandatory,t_5_Material_General_Data_mandatory,MAXNMBROFPARTIALDELIVERY,1
t_1_Material_General_Data_mandatory,t_5_Material_General_Data_mandatory,UNDERDELIVTOLRTDLMTRATIOINPCT,1
t_1_Material_General_Data_mandatory,t_5_Material_General_Data_mandatory,OVERDELIVTOLRTDLMTRATIOINPCT,1
t_1_Material_General_Data_mandatory,t_5_Material_General_Data_mandatory,UNLIMITEDOVERDELIVERYISALLOWED,1
t_1_Material_General_Data_mandatory,t_5_Material_General_Data_mandatory,CUSTOMERMATERIALITEMUSAGE,1
t_1_Material_General_Data_mandatory,t_5_Material_General_Data_mandatory,SALESUNIT,1
t_1_Material_General_Data_mandatory,t_5_Material_General_Data_mandatory,SALESQTYTOBASEQTYDNMNTR,1
t_1_Material_General_Data_mandatory,t_5_Material_General_Data_mandatory,SALESQTYTOBASEQTYNMRTR,1
MARA,MAKT,MANDT,1
MARA,MAKT,MATNR,1605
MARA,MARA_500,MANDT,1
MARA,MARA_500,MATNR,500
MARA,MARA_500,ERSDA,72
MARA,MARA_500,CREATED_AT_TIME,287
MARA,MARA_500,ERNAM,60
MARA,MARA_500,LAEDA,64
MARA,MARA_500,AENAM,65
MARA,MARA_500,VPSTA,166
MARA,MARA_500,PSTAT,142
MARA,MARA_500,LVORM,1
MARA,MARA_500,MTART,41
MARA,MARA_500,MBRSH,7
MARA,MARA_500,MATKL,22
MARA,MARA_500,BISMT,3
MARA,MARA_500,MEINS,20
MARA,MARA_500,BSTME,4
MARA,MARA_500,ZEINR,1
MARA,MARA_500,ZEIAR,1
MARA,MARA_500,ZEIVR,1
MARA,MARA_500,ZEIFO,1
MARA,MARA_500,AESZN,1
MARA,MARA_500,BLATT,1
MARA,MARA_500,BLANZ,1
MARA,MARA_500,FERTH,1
MARA,MARA_500,FORMT,1
MARA,MARA_500,GROES,1
MARA,MARA_500,WRKST,1
MARA,MARA_500,NORMT,1
MARA,MARA_500,LABOR,2
MARA,MARA_500,EKWSL,4
MARA,MARA_500,BRGEW,43
MARA,MARA_500,NTGEW,43
MARA,MARA_500,GEWEI,3
MARA,MARA_500,VOLUM,12
MARA,MARA_500,VOLEH,4
MARA,MARA_500,BEHVO,1
MARA,MARA_500,RAUBE,4
MARA,MARA_500,TEMPB,2
MARA,MARA_500,DISST,5
MARA,MARA_500,TRAGR,3
MARA,MARA_500,STOFF,1
MARA,MARA_500,SPART,8
MARA,MARA_500,KUNNR,1
MARA,MARA_500,EANNR,1
MARA,MARA_500,WESCH,1
MARA,MARA_500,BWVOR,1
MARA,MARA_500,BWSCL,1
MARA,MARA_500,SAISO,1
MARA,MARA_500,ETIAR,2
MARA,MARA_500,ETIFO,2
MARA,MARA_500,ENTAR,1
MARA,MARA_500,EAN11,10
MARA,MARA_500,NUMTP,2
MARA,MARA_500,LAENG,7
MARA,MARA_500,BREIT,7
MARA,MARA_500,HOEHE,5
MARA,MARA_500,MEABM,2
MARA,MARA_500,PRDHA,1
MARA,MARA_500,AEKLK,1
MARA,MARA_500,CADKZ,1
MARA,MARA_500,QMPUR,2
MARA,MARA_500,ERGEW,1
MARA,MARA_500,ERGEI,1
MARA,MARA_500,ERVOL,2
MARA,MARA_500,ERVOE,2
MARA,MARA_500,GEWTO,1
MARA,MARA_500,VOLTO,1
MARA,MARA_500,VABME,1
MARA,MARA_500,KZREV,1
MARA,MARA_500,KZKFG,2
MARA,MARA_500,XCHPF,2
MARA,MARA_500,VHART,8
MARA,MARA_500,FUELG,1
MARA,MARA_500,STFAK,1
MARA,MARA_500,MAGRV,3
MARA,MARA_500,BEGRU,2
MARA,MARA_500,DATAB,1
MARA,MARA_500,LIQDT,1
MARA,MARA_500,SAISJ,1
MARA,MARA_500,PLGTP,1
MARA,MARA_500,MLGUT,1
MARA,MARA_500,EXTWG,1
MARA,MARA_500,SATNR,1
MARA,MARA_500,ATTYP,1
MARA,MARA_500,KZKUP,2
MARA,MARA_500,KZNFM,1
MARA,MARA_500,PMATA,1
MARA,MARA_500,MSTAE,1
MARA,MARA_500,MSTAV,1
MARA,MARA_500,MSTDE,1
MARA,MARA_500,MSTDV,1
MARA,MARA_500,TAKLV,1
MARA,MARA_500,RBNRM,1
MARA,MARA_500,MHDRZ,4
MARA,MARA_500,MHDHB,6
MARA,MARA_500,MHDLP,1
MARA,MARA_500,INHME,1
MARA,MARA_500,INHAL,1
MARA,MARA_500,VPREH,1
MARA,MARA_500,ETIAG,1
MARA,MARA_500,INHBR,1
MARA,MARA_500,CMETH,1
MARA,MARA_500,CUOBF,1
MARA,MARA_500,KZUMW,2
MARA,MARA_500,KOSCH,1
MARA,MARA_500,SPROF,1
MARA,MARA_500,NRFHG,1
MARA,MARA_500,MFRPN,3
MARA,MARA_500,MFRNR,1
MARA,MARA_500,BMATN,2
MARA,MARA_500,MPROF,2
MARA,MARA_500,KZWSM,1
MARA,MARA_500,SAITY,1
MARA,MARA_500,PROFL,4
MARA,MARA_500,IHIVI,2
MARA,MARA_500,ILOOS,2
MARA,MARA_500,SERLV,1
MARA,MARA_500,KZGVH,1
MARA,MARA_500,XGCHP,1
MARA,MARA_500,KZEFF,1
MARA,MARA_500,COMPL,1
MARA,MARA_500,IPRKZ,3
MARA,MARA_500,RDMHD,1
MARA,MARA_500,PRZUS,1
MARA,MARA_500,MTPOS_MARA,18
MARA,MARA_500,BFLME,1
MARA,MARA_500,MATFI,1
MARA,MARA_500,CMREL,1
MARA,MARA_500,BBTYP,1
MARA,MARA_500,SLED_BBD,2
MARA,MARA_500,GTIN_VARIANT,1
MARA,MARA_500,GENNR,1
MARA,MARA_500,RMATP,1
MARA,MARA_500,GDS_RELEVANT,1
MARA,MARA_500,WEORA,1
MARA,MARA_500,HUTYP_DFLT,4
MARA,MARA_500,PILFERABLE,1
MARA,MARA_500,WHSTC,1
MARA,MARA_500,WHMATGR,1
MARA,MARA_500,HNDLCODE,1
MARA,MARA_500,HAZMAT,1
MARA,MARA_500,HUTYP,7
MARA,MARA_500,TARE_VAR,1
MARA,MARA_500,MAXC,1
MARA,MARA_500,MAXC_TOL,1
MARA,MARA_500,MAXL,1
MARA,MARA_500,MAXB,1
MARA,MARA_500,MAXH,1
MARA,MARA_500,MAXDIM_UOM,1
MARA,MARA_500,HERKL,1
MARA,MARA_500,MFRGR,1
MARA,MARA_500,QQTIME,1
MARA,MARA_500,QQTIMEUOM,1
MARA,MARA_500,QGRP,1
MARA,MARA_500,SERIAL,2
MARA,MARA_500,PS_SMARTFORM,1
MARA,MARA_500,LOGUNIT,1
MARA,MARA_500,CWQREL,1
MARA,MARA_500,CWQPROC,1
MARA,MARA_500,CWQTOLGR,1
MARA,MARA_500,ADPROF,1
MARA,MARA_500,IPMIPPRODUCT,1
MARA,MARA_500,ALLOW_PMAT_IGNO,1
MARA,MARA_500,MEDIUM,1
MARA,MARA_500,COMMODITY,1
MARA,MARA_500,ANIMAL_ORIGIN,1
MARA,MARA_500,TEXTILE_COMP_IND,1
MARA,MARA_500,LAST_CHANGED_TIME,307
MARA,MARA_500,MATNR_EXTERNAL,500
MARA,MARA_500,CHML_CMPLNC_RLVNCE_IND,2
MARA,MARA_500,LOGISTICAL_MAT_CATEGORY,1
MARA,MARA_500,SALES_MATERIAL,1
MARA,MARA_500,IDENTIFICATION_TAG_TYPE,1
MARA,MARA_500,PRODUCTOID,1
MARA,MARA_500,SDM_VERSION,1
MARA,MARA_500,SGT_CSGR,2
MARA,MARA_500,SGT_COVSA,2
MARA,MARA_500,SGT_STAT,2
MARA,MARA_500,SGT_SCOPE,2
MARA,MARA_500,SGT_REL,2
MARA,MARA_500,ANP,1
MARA,MARA_500,PSM_CODE,1
MARA,MARA_500,FSH_MG_AT1,1
MARA,MARA_500,FSH_MG_AT2,1
MARA,MARA_500,FSH_MG_AT3,1
MARA,MARA_500,FSH_SEALV,1
MARA,MARA_500,FSH_SEAIM,1
MARA,MARA_500,FSH_SC_MID,1
MARA,MARA_500,DUMMY_PRD_INCL_EEW_PS,1
MARA,MARA_500,SCM_MATID_GUID16,17
MARA,MARA_500,SCM_MATID_GUID22,500
MARA,MARA_500,SCM_MATURITY_DUR,1
MARA,MARA_500,SCM_SHLF_LFE_REQ_MIN,1
MARA,MARA_500,SCM_SHLF_LFE_REQ_MAX,1
MARA,MARA_500,SCM_PUOM,1
MARA,MARA_500,RMATP_PB,1
MARA,MARA_500,PROD_SHAPE,1
MARA,MARA_500,MO_PROFILE_ID,1
MARA,MARA_500,OVERHANG_TRESH,1
MARA,MARA_500,BRIDGE_TRESH,1
MARA,MARA_500,BRIDGE_MAX_SLOPE,1
MARA,MARA_500,HEIGHT_NONFLAT,1
MARA,MARA_500,HEIGHT_NONFLAT_UOM,1
MARA,MARA_500,SCM_KITCOMP,1
MARA,MARA_500,SCM_PROD_PAOOPT,1
MARA,MARA_500,SCM_BOD_DEPLVL,1
MARA,MARA_500,SCM_RESTRICT_INVBAL,1
MARA,MARA_500,SCM_DRP_GL_STOCK,1
MARA,MARA_500,SCM_EXCL_EXPEDITE,1
MARA,MARA_500,NEWPROD_INDI,1
MARA,MARA_500,PRD_STARTDT,1
MARA,MARA_500,PRD_ENDDT,1
MARA,MARA_500,INV_PLN_MODE,1
MARA,MARA_500,FLAGCLASS,2
MARA,MARA_500,/CWM/XCWMAT,1
MARA,MARA_500,/CWM/VALUM,1
MARA,MARA_500,/CWM/TOLGR,1
MARA,MARA_500,/CWM/TARA,1
MARA,MARA_500,/CWM/TARUM,1
MARA,MARA_500,/BEV1/LULEINH,1
MARA,MARA_500,/BEV1/LULDEGRP,1
MARA,MARA_500,/BEV1/NESTRUCCAT,1
MARA,MARA_500,/DSD/SL_TOLTYP,1
MARA,MARA_500,/DSD/SV_CNT_GRP,1
MARA,MARA_500,/DSD/VC_GROUP,1
MARA,MARA_500,/SAPMP/KADU,1
MARA,MARA_500,/SAPMP/ABMEIN,1
MARA,MARA_500,/SAPMP/KADP,1
MARA,MARA_500,/SAPMP/BRAD,1
MARA,MARA_500,/SAPMP/SPBI,1
MARA,MARA_500,/SAPMP/TRAD,1
MARA,MARA_500,/SAPMP/KEDU,1
MARA,MARA_500,/SAPMP/SPTR,1
MARA,MARA_500,/SAPMP/FBDK,1
MARA,MARA_500,/SAPMP/FBHK,1
MARA,MARA_500,/SAPMP/RILI,1
MARA,MARA_500,/SAPMP/FBAK,1
MARA,MARA_500,/SAPMP/AHO,1
MARA,MARA_500,/SAPMP/MIFRR,1
MARA,MARA_500,/STTPEC/SERTYPE,1
MARA,MARA_500,/STTPEC/SYNCACT,1
MARA,MARA_500,/STTPEC/SYNCTIME,1
MARA,MARA_500,/STTPEC/SYNCCHG,1
MARA,MARA_500,/STTPEC/COUNTRY_REF,1
MARA,MARA_500,/STTPEC/PRDCAT,1
MARA,MARA_500,/VSO/R_TILT_IND,1
MARA,MARA_500,/VSO/R_STACK_IND,1
MARA,MARA_500,/VSO/R_BOT_IND,1
MARA,MARA_500,/VSO/R_TOP_IND,1
MARA,MARA_500,/VSO/R_STACK_NO,1
MARA,MARA_500,/VSO/R_PAL_IND,1
MARA,MARA_500,/VSO/R_PAL_OVR_D,1
MARA,MARA_500,/VSO/R_PAL_OVR_W,1
MARA,MARA_500,/VSO/R_PAL_B_HT,1
MARA,MARA_500,/VSO/R_PAL_MIN_H,1
MARA,MARA_500,/VSO/R_TOL_B_HT,1
MARA,MARA_500,/VSO/R_NO_P_GVH,1
MARA,MARA_500,/VSO/R_QUAN_UNIT,1
MARA,MARA_500,/VSO/R_KZGVH_IND,1
MARA,MARA_500,PACKCODE,1
MARA,MARA_500,DG_PACK_STATUS,1
MARA,MARA_500,SRV_DURA,2
MARA,MARA_500,SRV_DURA_UOM,2
MARA,MARA_500,SRV_SERWI,2
MARA,MARA_500,SRV_ESCAL,2
MARA,MARA_500,SOM_CYCLE,1
MARA,MARA_500,SOM_CYCLE_RULE,1
MARA,MARA_500,SOM_TC_SCHEMA,1
MARA,MARA_500,SOM_CTR_AUTORENEWAL,1
MARA,MARA_500,MCOND,1
MARA,MARA_500,RETDELC,1
MARA,MARA_500,LOGLEV_RETO,1
MARA,MARA_500,NSNID,1
MARA,MARA_500,ICFA,1
MARA,MARA_500,RIC_ID,1
MARA,MARA_500,DFS_SENSITIVITY_KEY,1
MARA,MARA_500,DFS_MFRP2,1
MARA,MARA_500,OVLPN,1
MARA,MARA_500,ADSPC_SPC,1
MARA,MARA_500,VARID,1
MARA,MARA_500,MSBOOKPARTNO,1
MARA,MARA_500,TOLERANCE_TYPE,1
MARA,MARA_500,DPCBT,1
MARA,MARA_500,XGRDT,1
MARA,MARA_500,IMATN,1
MARA,MARA_500,PICNUM,1
MARA,MARA_500,BSTAT,1
MARA,MARA_500,COLOR_ATINN,1
MARA,MARA_500,SIZE1_ATINN,1
MARA,MARA_500,SIZE2_ATINN,1
MARA,MARA_500,COLOR,1
MARA,MARA_500,SIZE1,1
MARA,MARA_500,SIZE2,1
MARA,MARA_500,FREE_CHAR,1
MARA,MARA_500,CARE_CODE,1
MARA,MARA_500,BRAND_ID,1
MARA,MARA_500,FIBER_CODE1,1
MARA,MARA_500,FIBER_PART1,1
MARA,MARA_500,FIBER_CODE2,1
MARA,MARA_500,FIBER_PART2,1
MARA,MARA_500,FIBER_CODE3,1
MARA,MARA_500,FIBER_PART3,1
MARA,MARA_500,FIBER_CODE4,1
MARA,MARA_500,FIBER_PART4,1
MARA,MARA_500,FIBER_CODE5,1
MARA,MARA_500,FIBER_PART5,1
MARA,MARA_500,FASHGRD,1
MARA,MARA_700,MANDT,1
MARA,MARA_700,MATNR,700
MARA,MARA_700,ERSDA,114
MARA,MARA_700,CREATED_AT_TIME,485
MARA,MARA_700,ERNAM,89
MARA,MARA_700,LAEDA,104
MARA,MARA_700,AENAM,96
MARA,MARA_700,VPSTA,226
MARA,MARA_700,PSTAT,186
MARA,MARA_700,LVORM,1
MARA,MARA_700,MTART,46
MARA,MARA_700,MBRSH,9
MARA,MARA_700,MATKL,25
MARA,MARA_700,BISMT,4
MARA,MARA_700,MEINS,20
MARA,MARA_700,BSTME,5
MARA,MARA_700,ZEINR,1
MARA,MARA_700,ZEIAR,1
MARA,MARA_700,ZEIVR,1
MARA,MARA_700,ZEIFO,1
MARA,MARA_700,AESZN,1
MARA,MARA_700,BLATT,1
MARA,MARA_700,BLANZ,1
MARA,MARA_700,FERTH,1
MARA,MARA_700,FORMT,1
MARA,MARA_700,GROES,1
MARA,MARA_700,WRKST,1
MARA,MARA_700,NORMT,2
MARA,MARA_700,LABOR,2
MARA,MARA_700,EKWSL,6
MARA,MARA_700,BRGEW,46
MARA,MARA_700,NTGEW,45
MARA,MARA_700,GEWEI,3
MARA,MARA_700,VOLUM,14
MARA,MARA_700,VOLEH,4
MARA,MARA_700,BEHVO,1
MARA,MARA_700,RAUBE,4
MARA,MARA_700,TEMPB,2
MARA,MARA_700,DISST,5
MARA,MARA_700,TRAGR,5
MARA,MARA_700,STOFF,1
MARA,MARA_700,SPART,12
MARA,MARA_700,KUNNR,1
MARA,MARA_700,EANNR,1
MARA,MARA_700,WESCH,2
MARA,MARA_700,BWVOR,1
MARA,MARA_700,BWSCL,1
MARA,MARA_700,SAISO,1
MARA,MARA_700,ETIAR,2
MARA,MARA_700,ETIFO,2
MARA,MARA_700,ENTAR,1
MARA,MARA_700,EAN11,10
MARA,MARA_700,NUMTP,2
MARA,MARA_700,LAENG,7
MARA,MARA_700,BREIT,7
MARA,MARA_700,HOEHE,5
MARA,MARA_700,MEABM,2
MARA,MARA_700,PRDHA,1
MARA,MARA_700,AEKLK,1
MARA,MARA_700,CADKZ,1
MARA,MARA_700,QMPUR,2
MARA,MARA_700,ERGEW,1
MARA,MARA_700,ERGEI,1
MARA,MARA_700,ERVOL,2
MARA,MARA_700,ERVOE,2
MARA,MARA_700,GEWTO,1
MARA,MARA_700,VOLTO,1
MARA,MARA_700,VABME,2
MARA,MARA_700,KZREV,1
MARA,MARA_700,KZKFG,2
MARA,MARA_700,XCHPF,2
MARA,MARA_700,VHART,9
MARA,MARA_700,FUELG,1
MARA,MARA_700,STFAK,1
MARA,MARA_700,MAGRV,5
MARA,MARA_700,BEGRU,2
MARA,MARA_700,DATAB,1
MARA,MARA_700,LIQDT,1
MARA,MARA_700,SAISJ,1
MARA,MARA_700,PLGTP,1
MARA,MARA_700,MLGUT,1
MARA,MARA_700,EXTWG,2
MARA,MARA_700,SATNR,1
MARA,MARA_700,ATTYP,1
MARA,MARA_700,KZKUP,2
MARA,MARA_700,KZNFM,1
MARA,MARA_700,PMATA,1
MARA,MARA_700,MSTAE,3
MARA,MARA_700,MSTAV,2
MARA,MARA_700,MSTDE,12
MARA,MARA_700,MSTDV,2
MARA,MARA_700,TAKLV,1
MARA,MARA_700,RBNRM,1
MARA,MARA_700,MHDRZ,4
MARA,MARA_700,MHDHB,7
MARA,MARA_700,MHDLP,1
MARA,MARA_700,INHME,1
MARA,MARA_700,INHAL,1
MARA,MARA_700,VPREH,1
MARA,MARA_700,ETIAG,1
MARA,MARA_700,INHBR,1
MARA,MARA_700,CMETH,1
MARA,MARA_700,CUOBF,1
MARA,MARA_700,KZUMW,2
MARA,MARA_700,KOSCH,1
MARA,MARA_700,SPROF,1
MARA,MARA_700,NRFHG,1
MARA,MARA_700,MFRPN,4
MARA,MARA_700,MFRNR,2
MARA,MARA_700,BMATN,2
MARA,MARA_700,MPROF,2
MARA,MARA_700,KZWSM,1
MARA,MARA_700,SAITY,1
MARA,MARA_700,PROFL,3
MARA,MARA_700,IHIVI,2
MARA,MARA_700,ILOOS,2
MARA,MARA_700,SERLV,1
MARA,MARA_700,KZGVH,1
MARA,MARA_700,XGCHP,1
MARA,MARA_700,KZEFF,1
MARA,MARA_700,COMPL,1
MARA,MARA_700,IPRKZ,3
MARA,MARA_700,RDMHD,1
MARA,MARA_700,PRZUS,1
MARA,MARA_700,MTPOS_MARA,20
MARA,MARA_700,BFLME,1
MARA,MARA_700,MATFI,1
MARA,MARA_700,CMREL,1
MARA,MARA_700,BBTYP,1
MARA,MARA_700,SLED_BBD,2
MARA,MARA_700,GTIN_VARIANT,1
MARA,MARA_700,GENNR,1
MARA,MARA_700,RMATP,1
MARA,MARA_700,GDS_RELEVANT,1
MARA,MARA_700,WEORA,1
MARA,MARA_700,HUTYP_DFLT,4
MARA,MARA_700,PILFERABLE,1
MARA,MARA_700,WHSTC,1
MARA,MARA_700,WHMATGR,1
MARA,MARA_700,HNDLCODE,1
MARA,MARA_700,HAZMAT,1
MARA,MARA_700,HUTYP,8
MARA,MARA_700,TARE_VAR,1
MARA,MARA_700,MAXC,1
MARA,MARA_700,MAXC_TOL,1
MARA,MARA_700,MAXL,1
MARA,MARA_700,MAXB,1
MARA,MARA_700,MAXH,1
MARA,MARA_700,MAXDIM_UOM,1
MARA,MARA_700,HERKL,1
MARA,MARA_700,MFRGR,1
MARA,MARA_700,QQTIME,1
MARA,MARA_700,QQTIMEUOM,1
MARA,MARA_700,QGRP,1
MARA,MARA_700,SERIAL,1
MARA,MARA_700,PS_SMARTFORM,1
MARA,MARA_700,LOGUNIT,1
MARA,MARA_700,CWQREL,1
MARA,MARA_700,CWQPROC,1
MARA,MARA_700,CWQTOLGR,1
MARA,MARA_700,ADPROF,1
MARA,MARA_700,IPMIPPRODUCT,1
MARA,MARA_700,ALLOW_PMAT_IGNO,1
MARA,MARA_700,MEDIUM,1
MARA,MARA_700,COMMODITY,1
MARA,MARA_700,ANIMAL_ORIGIN,1
MARA,MARA_700,TEXTILE_COMP_IND,1
MARA,MARA_700,LAST_CHANGED_TIME,504
MARA,MARA_700,MATNR_EXTERNAL,700
MARA,MARA_700,CHML_CMPLNC_RLVNCE_IND,2
MARA,MARA_700,LOGISTICAL_MAT_CATEGORY,1
MARA,MARA_700,SALES_MATERIAL,1
MARA,MARA_700,IDENTIFICATION_TAG_TYPE,1
MARA,MARA_700,PRODUCTOID,1
MARA,MARA_700,SDM_VERSION,1
MARA,MARA_700,SGT_CSGR,2
MARA,MARA_700,SGT_COVSA,2
MARA,MARA_700,SGT_STAT,2
MARA,MARA_700,SGT_SCOPE,2
MARA,MARA_700,SGT_REL,2
MARA,MARA_700,ANP,1
MARA,MARA_700,PSM_CODE,1
MARA,MARA_700,FSH_MG_AT1,1
MARA,MARA_700,FSH_MG_AT2,1
MARA,MARA_700,FSH_MG_AT3,1
MARA,MARA_700,FSH_SEALV,1
MARA,MARA_700,FSH_SEAIM,1
MARA,MARA_700,FSH_SC_MID,1
MARA,MARA_700,DUMMY_PRD_INCL_EEW_PS,1
MARA,MARA_700,SCM_MATID_GUID16,22
MARA,MARA_700,SCM_MATID_GUID22,700
MARA,MARA_700,SCM_MATURITY_DUR,1
MARA,MARA_700,SCM_SHLF_LFE_REQ_MIN,1
MARA,MARA_700,SCM_SHLF_LFE_REQ_MAX,1
MARA,MARA_700,SCM_PUOM,1
MARA,MARA_700,RMATP_PB,1
MARA,MARA_700,PROD_SHAPE,1
MARA,MARA_700,MO_PROFILE_ID,1
MARA,MARA_700,OVERHANG_TRESH,1
MARA,MARA_700,BRIDGE_TRESH,1
MARA,MARA_700,BRIDGE_MAX_SLOPE,1
MARA,MARA_700,HEIGHT_NONFLAT,1
MARA,MARA_700,HEIGHT_NONFLAT_UOM,1
MARA,MARA_700,SCM_KITCOMP,1
MARA,MARA_700,SCM_PROD_PAOOPT,1
MARA,MARA_700,SCM_BOD_DEPLVL,1
MARA,MARA_700,SCM_RESTRICT_INVBAL,1
MARA,MARA_700,SCM_DRP_GL_STOCK,1
MARA,MARA_700,SCM_EXCL_EXPEDITE,1
MARA,MARA_700,NEWPROD_INDI,1
MARA,MARA_700,PRD_STARTDT,1
MARA,MARA_700,PRD_ENDDT,1
MARA,MARA_700,INV_PLN_MODE,1
MARA,MARA_700,FLAGCLASS,2
MARA,MARA_700,/CWM/XCWMAT,1
MARA,MARA_700,/CWM/VALUM,1
MARA,MARA_700,/CWM/TOLGR,1
MARA,MARA_700,/CWM/TARA,1
MARA,MARA_700,/CWM/TARUM,1
MARA,MARA_700,/BEV1/LULEINH,1
MARA,MARA_700,/BEV1/LULDEGRP,1
MARA,MARA_700,/BEV1/NESTRUCCAT,1
MARA,MARA_700,/DSD/SL_TOLTYP,1
MARA,MARA_700,/DSD/SV_CNT_GRP,1
MARA,MARA_700,/DSD/VC_GROUP,1
MARA,MARA_700,/SAPMP/KADU,1
MARA,MARA_700,/SAPMP/ABMEIN,1
MARA,MARA_700,/SAPMP/KADP,1
MARA,MARA_700,/SAPMP/BRAD,1
MARA,MARA_700,/SAPMP/SPBI,1
MARA,MARA_700,/SAPMP/TRAD,1
MARA,MARA_700,/SAPMP/KEDU,1
MARA,MARA_700,/SAPMP/SPTR,1
MARA,MARA_700,/SAPMP/FBDK,1
MARA,MARA_700,/SAPMP/FBHK,1
MARA,MARA_700,/SAPMP/RILI,1
MARA,MARA_700,/SAPMP/FBAK,1
MARA,MARA_700,/SAPMP/AHO,1
MARA,MARA_700,/SAPMP/MIFRR,1
MARA,MARA_700,/STTPEC/SERTYPE,1
MARA,MARA_700,/STTPEC/SYNCACT,1
MARA,MARA_700,/STTPEC/SYNCTIME,1
MARA,MARA_700,/STTPEC/SYNCCHG,1
MARA,MARA_700,/STTPEC/COUNTRY_REF,1
MARA,MARA_700,/STTPEC/PRDCAT,1
MARA,MARA_700,/VSO/R_TILT_IND,1
MARA,MARA_700,/VSO/R_STACK_IND,1
MARA,MARA_700,/VSO/R_BOT_IND,1
MARA,MARA_700,/VSO/R_TOP_IND,1
MARA,MARA_700,/VSO/R_STACK_NO,1
MARA,MARA_700,/VSO/R_PAL_IND,1
MARA,MARA_700,/VSO/R_PAL_OVR_D,1
MARA,MARA_700,/VSO/R_PAL_OVR_W,1
MARA,MARA_700,/VSO/R_PAL_B_HT,1
MARA,MARA_700,/VSO/R_PAL_MIN_H,1
MARA,MARA_700,/VSO/R_TOL_B_HT,1
MARA,MARA_700,/VSO/R_NO_P_GVH,1
MARA,MARA_700,/VSO/R_QUAN_UNIT,1
MARA,MARA_700,/VSO/R_KZGVH_IND,1
MARA,MARA_700,PACKCODE,1
MARA,MARA_700,DG_PACK_STATUS,1
MARA,MARA_700,SRV_DURA,2
MARA,MARA_700,SRV_DURA_UOM,2
MARA,MARA_700,SRV_SERWI,2
MARA,MARA_700,SRV_ESCAL,2
MARA,MARA_700,SOM_CYCLE,1
MARA,MARA_700,SOM_CYCLE_RULE,1
MARA,MARA_700,SOM_TC_SCHEMA,1
MARA,MARA_700,SOM_CTR_AUTORENEWAL,1
MARA,MARA_700,MCOND,1
MARA,MARA_700,RETDELC,1
MARA,MARA_700,LOGLEV_RETO,1
MARA,MARA_700,NSNID,1
MARA,MARA_700,ICFA,1
MARA,MARA_700,RIC_ID,1
MARA,MARA_700,DFS_SENSITIVITY_KEY,1
MARA,MARA_700,DFS_MFRP2,1
MARA,MARA_700,OVLPN,1
MARA,MARA_700,ADSPC_SPC,1
MARA,MARA_700,VARID,1
MARA,MARA_700,MSBOOKPARTNO,1
MARA,MARA_700,TOLERANCE_TYPE,1
MARA,MARA_700,DPCBT,1
MARA,MARA_700,XGRDT,1
MARA,MARA_700,IMATN,1
MARA,MARA_700,PICNUM,1
MARA,MARA_700,BSTAT,1
MARA,MARA_700,COLOR_ATINN,1
MARA,MARA_700,SIZE1_ATINN,1
MARA,MARA_700,SIZE2_ATINN,1
MARA,MARA_700,COLOR,1
MARA,MARA_700,SIZE1,1
MARA,MARA_700,SIZE2,1
MARA,MARA_700,FREE_CHAR,1
MARA,MARA_700,CARE_CODE,1
MARA,MARA_700,BRAND_ID,1
MARA,MARA_700,FIBER_CODE1,1
MARA,MARA_700,FIBER_PART1,1
MARA,MARA_700,FIBER_CODE2,1
MARA,MARA_700,FIBER_PART2,1
MARA,MARA_700,FIBER_CODE3,1
MARA,MARA_700,FIBER_PART3,1
MARA,MARA_700,FIBER_CODE4,1
MARA,MARA_700,FIBER_PART4,1
MARA,MARA_700,FIBER_CODE5,1
MARA,MARA_700,FIBER_PART5,1
MARA,MARA_700,FASHGRD,1
MARA,VBAK,MANDT,1
MARA,VBAK,ERNAM,60
MARA,VBAK,SPART,6
MARA,VBAK,KUNNR,1
MARA,VBAK,SDM_VERSION,1
MARA,KNMT,MANDT,1
MARA,KNMT,MATNR,57
MARA,KNMT,ERNAM,14
MARA,KNMT,MEINS,5
MAKT,MARA,MANDT,1
MAKT,MARA,MATNR,1605
MAKT,MARA_500,MANDT,1
MAKT,MARA_500,MATNR,500
MAKT,MARA_700,MANDT,1
MAKT,MARA_700,MATNR,700
MAKT,VBAK,MANDT,1
MAKT,KNMT,MANDT,1
MAKT,KNMT,MATNR,57
MARA_500,MARA,MANDT,1
MARA_500,MARA,MATNR,500
MARA_500,MARA,ERSDA,72
MARA_500,MARA,CREATED_AT_TIME,287
MARA_500,MARA,ERNAM,60
MARA_500,MARA,LAEDA,64
MARA_500,MARA,AENAM,65
MARA_500,MARA,VPSTA,166
MARA_500,MARA,PSTAT,142
MARA_500,MARA,LVORM,1
MARA_500,MARA,MTART,41
MARA_500,MARA,MBRSH,7
MARA_500,MARA,MATKL,22
MARA_500,MARA,BISMT,3
MARA_500,MARA,MEINS,20
MARA_500,MARA,BSTME,4
MARA_500,MARA,ZEINR,1
MARA_500,MARA,ZEIAR,1
MARA_500,MARA,ZEIVR,1
MARA_500,MARA,ZEIFO,1
MARA_500,MARA,AESZN,1
MARA_500,MARA,BLATT,1
MARA_500,MARA,BLANZ,1
MARA_500,MARA,FERTH,1
MARA_500,MARA,FORMT,1
MARA_500,MARA,GROES,1
MARA_500,MARA,WRKST,1
MARA_500,MARA,NORMT,1
MARA_500,MARA,LABOR,2
MARA_500,MARA,EKWSL,4
MARA_500,MARA,BRGEW,43
MARA_500,MARA,NTGEW,43
MARA_500,MARA,GEWEI,3
MARA_500,MARA,VOLUM,12
MARA_500,MARA,VOLEH,4
MARA_500,MARA,BEHVO,1
MARA_500,MARA,RAUBE,4
MARA_500,MARA,TEMPB,2
MARA_500,MARA,DISST,5
MARA_500,MARA,TRAGR,3
MARA_500,MARA,STOFF,1
MARA_500,MARA,SPART,8
MARA_500,MARA,KUNNR,1
MARA_500,MARA,EANNR,1
MARA_500,MARA,WESCH,1
MARA_500,MARA,BWVOR,1
MARA_500,MARA,BWSCL,1
MARA_500,MARA,SAISO,1
MARA_500,MARA,ETIAR,2
MARA_500,MARA,ETIFO,2
MARA_500,MARA,ENTAR,1
MARA_500,MARA,EAN11,10
MARA_500,MARA,NUMTP,2
MARA_500,MARA,LAENG,7
MARA_500,MARA,BREIT,7
MARA_500,MARA,HOEHE,5
MARA_500,MARA,MEABM,2
MARA_500,MARA,PRDHA,1
MARA_500,MARA,AEKLK,1
MARA_500,MARA,CADKZ,1
MARA_500,MARA,QMPUR,2
MARA_500,MARA,ERGEW,1
MARA_500,MARA,ERGEI,1
MARA_500,MARA,ERVOL,2
MARA_500,MARA,ERVOE,2
MARA_500,MARA,GEWTO,1
MARA_500,MARA,VOLTO,1
MARA_500,MARA,VABME,1
MARA_500,MARA,KZREV,1
MARA_500,MARA,KZKFG,2
MARA_500,MARA,XCHPF,2
MARA_500,MARA,VHART,8
MARA_500,MARA,FUELG,1
MARA_500,MARA,STFAK,1
MARA_500,MARA,MAGRV,3
MARA_500,MARA,BEGRU,2
MARA_500,MARA,DATAB,1
MARA_500,MARA,LIQDT,1
MARA_500,MARA,SAISJ,1
MARA_500,MARA,PLGTP,1
MARA_500,MARA,MLGUT,1
MARA_500,MARA,EXTWG,1
MARA_500,MARA,SATNR,1
MARA_500,MARA,ATTYP,1
MARA_500,MARA,KZKUP,2
MARA_500,MARA,KZNFM,1
MARA_500,MARA,PMATA,1
MARA_500,MARA,MSTAE,1
MARA_500,MARA,MSTAV,1
MARA_500,MARA,MSTDE,1
MARA_500,MARA,MSTDV,1
MARA_500,MARA,TAKLV,1
MARA_500,MARA,RBNRM,1
MARA_500,MARA,MHDRZ,4
MARA_500,MARA,MHDHB,6
MARA_500,MARA,MHDLP,1
MARA_500,MARA,INHME,1
MARA_500,MARA,INHAL,1
MARA_500,MARA,VPREH,1
MARA_500,MARA,ETIAG,1
MARA_500,MARA,INHBR,1
MARA_500,MARA,CMETH,1
MARA_500,MARA,CUOBF,1
MARA_500,MARA,KZUMW,2
MARA_500,MARA,KOSCH,1
MARA_500,MARA,SPROF,1
MARA_500,MARA,NRFHG,1
MARA_500,MARA,MFRPN,3
MARA_500,MARA,MFRNR,1
MARA_500,MARA,BMATN,2
MARA_500,MARA,MPROF,2
MARA_500,MARA,KZWSM,1
MARA_500,MARA,SAITY,1
MARA_500,MARA,PROFL,4
MARA_500,MARA,IHIVI,2
MARA_500,MARA,ILOOS,2
MARA_500,MARA,SERLV,1
MARA_500,MARA,KZGVH,1
MARA_500,MARA,XGCHP,1
MARA_500,MARA,KZEFF,1
MARA_500,MARA,COMPL,1
MARA_500,MARA,IPRKZ,3
MARA_500,MARA,RDMHD,1
MARA_500,MARA,PRZUS,1
MARA_500,MARA,MTPOS_MARA,18
MARA_500,MARA,BFLME,1
MARA_500,MARA,MATFI,1
MARA_500,MARA,CMREL,1
MARA_500,MARA,BBTYP,1
MARA_500,MARA,SLED_BBD,2
MARA_500,MARA,GTIN_VARIANT,1
MARA_500,MARA,GENNR,1
MARA_500,MARA,RMATP,1
MARA_500,MARA,GDS_RELEVANT,1
MARA_500,MARA,WEORA,1
MARA_500,MARA,HUTYP_DFLT,4
MARA_500,MARA,PILFERABLE,1
MARA_500,MARA,WHSTC,1
MARA_500,MARA,WHMATGR,1
MARA_500,MARA,HNDLCODE,1
MARA_500,MARA,HAZMAT,1
MARA_500,MARA,HUTYP,7
MARA_500,MARA,TARE_VAR,1
MARA_500,MARA,MAXC,1
MARA_500,MARA,MAXC_TOL,1
MARA_500,MARA,MAXL,1
MARA_500,MARA,MAXB,1
MARA_500,MARA,MAXH,1
MARA_500,MARA,MAXDIM_UOM,1
MARA_500,MARA,HERKL,1
MARA_500,MARA,MFRGR,1
MARA_500,MARA,QQTIME,1
MARA_500,MARA,QQTIMEUOM,1
MARA_500,MARA,QGRP,1
MARA_500,MARA,SERIAL,2
MARA_500,MARA,PS_SMARTFORM,1
MARA_500,MARA,LOGUNIT,1
MARA_500,MARA,CWQREL,1
MARA_500,MARA,CWQPROC,1
MARA_500,MARA,CWQTOLGR,1
MARA_500,MARA,ADPROF,1
MARA_500,MARA,IPMIPPRODUCT,1
MARA_500,MARA,ALLOW_PMAT_IGNO,1
MARA_500,MARA,MEDIUM,1
MARA_500,MARA,COMMODITY,1
MARA_500,MARA,ANIMAL_ORIGIN,1
MARA_500,MARA,TEXTILE_COMP_IND,1
MARA_500,MARA,LAST_CHANGED_TIME,307
MARA_500,MARA,MATNR_EXTERNAL,500
MARA_500,MARA,CHML_CMPLNC_RLVNCE_IND,2
MARA_500,MARA,LOGISTICAL_MAT_CATEGORY,1
MARA_500,MARA,SALES_MATERIAL,1
MARA_500,MARA,IDENTIFICATION_TAG_TYPE,1
MARA_500,MARA,PRODUCTOID,1
MARA_500,MARA,SDM_VERSION,1
MARA_500,MARA,SGT_CSGR,2
MARA_500,MARA,SGT_COVSA,2
MARA_500,MARA,SGT_STAT,2
MARA_500,MARA,SGT_SCOPE,2
MARA_500,MARA,SGT_REL,2
MARA_500,MARA,ANP,1
MARA_500,MARA,PSM_CODE,1
MARA_500,MARA,FSH_MG_AT1,1
MARA_500,MARA,FSH_MG_AT2,1
MARA_500,MARA,FSH_MG_AT3,1
MARA_500,MARA,FSH_SEALV,1
MARA_500,MARA,FSH_SEAIM,1
MARA_500,MARA,FSH_SC_MID,1
MARA_500,MARA,DUMMY_PRD_INCL_EEW_PS,1
MARA_500,MARA,SCM_MATID_GUID16,17
MARA_500,MARA,SCM_MATID_GUID22,500
MARA_500,MARA,SCM_MATURITY_DUR,1
MARA_500,MARA,SCM_SHLF_LFE_REQ_MIN,1
MARA_500,MARA,SCM_SHLF_LFE_REQ_MAX,1
MARA_500,MARA,SCM_PUOM,1
MARA_500,MARA,RMATP_PB,1
MARA_500,MARA,PROD_SHAPE,1
MARA_500,MARA,MO_PROFILE_ID,1
MARA_500,MARA,OVERHANG_TRESH,1
MARA_500,MARA,BRIDGE_TRESH,1
MARA_500,MARA,BRIDGE_MAX_SLOPE,1
MARA_500,MARA,HEIGHT_NONFLAT,1
MARA_500,MARA,HEIGHT_NONFLAT_UOM,1
MARA_500,MARA,SCM_KITCOMP,1
MARA_500,MARA,SCM_PROD_PAOOPT,1
MARA_500,MARA,SCM_BOD_DEPLVL,1
MARA_500,MARA,SCM_RESTRICT_INVBAL,1
MARA_500,MARA,SCM_DRP_GL_STOCK,1
MARA_500,MARA,SCM_EXCL_EXPEDITE,1
MARA_500,MARA,NEWPROD_INDI,1
MARA_500,MARA,PRD_STARTDT,1
MARA_500,MARA,PRD_ENDDT,1
MARA_500,MARA,INV_PLN_MODE,1
MARA_500,MARA,FLAGCLASS,2
MARA_500,MARA,/CWM/XCWMAT,1
MARA_500,MARA,/CWM/VALUM,1
MARA_500,MARA,/CWM/TOLGR,1
MARA_500,MARA,/CWM/TARA,1
MARA_500,MARA,/CWM/TARUM,1
MARA_500,MARA,/BEV1/LULEINH,1
MARA_500,MARA,/BEV1/LULDEGRP,1
MARA_500,MARA,/BEV1/NESTRUCCAT,1
MARA_500,MARA,/DSD/SL_TOLTYP,1
MARA_500,MARA,/DSD/SV_CNT_GRP,1
MARA_500,MARA,/DSD/VC_GROUP,1
MARA_500,MARA,/SAPMP/KADU,1
MARA_500,MARA,/SAPMP/ABMEIN,1
MARA_500,MARA,/SAPMP/KADP,1
MARA_500,MARA,/SAPMP/BRAD,1
MARA_500,MARA,/SAPMP/SPBI,1
MARA_500,MARA,/SAPMP/TRAD,1
MARA_500,MARA,/SAPMP/KEDU,1
MARA_500,MARA,/SAPMP/SPTR,1
MARA_500,MARA,/SAPMP/FBDK,1
MARA_500,MARA,/SAPMP/FBHK,1
MARA_500,MARA,/SAPMP/RILI,1
MARA_500,MARA,/SAPMP/FBAK,1
MARA_500,MARA,/SAPMP/AHO,1
MARA_500,MARA,/SAPMP/MIFRR,1
MARA_500,MARA,/STTPEC/SERTYPE,1
MARA_500,MARA,/STTPEC/SYNCACT,1
MARA_500,MARA,/STTPEC/SYNCTIME,1
MARA_500,MARA,/STTPEC/SYNCCHG,1
MARA_500,MARA,/STTPEC/COUNTRY_REF,1
MARA_500,MARA,/STTPEC/PRDCAT,1
MARA_500,MARA,/VSO/R_TILT_IND,1
MARA_500,MARA,/VSO/R_STACK_IND,1
MARA_500,MARA,/VSO/R_BOT_IND,1
MARA_500,MARA,/VSO/R_TOP_IND,1
MARA_500,MARA,/VSO/R_STACK_NO,1
MARA_500,MARA,/VSO/R_PAL_IND,1
MARA_500,MARA,/VSO/R_PAL_OVR_D,1
MARA_500,MARA,/VSO/R_PAL_OVR_W,1
MARA_500,MARA,/VSO/R_PAL_B_HT,1
MARA_500,MARA,/VSO/R_PAL_MIN_H,1
MARA_500,MARA,/VSO/R_TOL_B_HT,1
MARA_500,MARA,/VSO/R_NO_P_GVH,1
MARA_500,MARA,/VSO/R_QUAN_UNIT,1
MARA_500,MARA,/VSO/R_KZGVH_IND,1
MARA_500,MARA,PACKCODE,1
MARA_500,MARA,DG_PACK_STATUS,1
MARA_500,MARA,SRV_DURA,2
MARA_500,MARA,SRV_DURA_UOM,2
MARA_500,MARA,SRV_SERWI,2
MARA_500,MARA,SRV_ESCAL,2
MARA_500,MARA,SOM_CYCLE,1
MARA_500,MARA,SOM_CYCLE_RULE,1
MARA_500,MARA,SOM_TC_SCHEMA,1
MARA_500,MARA,SOM_CTR_AUTORENEWAL,1
MARA_500,MARA,MCOND,1
MARA_500,MARA,RETDELC,1
MARA_500,MARA,LOGLEV_RETO,1
MARA_500,MARA,NSNID,1
MARA_500,MARA,ICFA,1
MARA_500,MARA,RIC_ID,1
MARA_500,MARA,DFS_SENSITIVITY_KEY,1
MARA_500,MARA,DFS_MFRP2,1
MARA_500,MARA,OVLPN,1
MARA_500,MARA,ADSPC_SPC,1
MARA_500,MARA,VARID,1
MARA_500,MARA,MSBOOKPARTNO,1
MARA_500,MARA,TOLERANCE_TYPE,1
MARA_500,MARA,DPCBT,1
MARA_500,MARA,XGRDT,1
MARA_500,MARA,IMATN,1
MARA_500,MARA,PICNUM,1
MARA_500,MARA,BSTAT,1
MARA_500,MARA,COLOR_ATINN,1
MARA_500,MARA,SIZE1_ATINN,1
MARA_500,MARA,SIZE2_ATINN,1
MARA_500,MARA,COLOR,1
MARA_500,MARA,SIZE1,1
MARA_500,MARA,SIZE2,1
MARA_500,MARA,FREE_CHAR,1
MARA_500,MARA,CARE_CODE,1
MARA_500,MARA,BRAND_ID,1
MARA_500,MARA,FIBER_CODE1,1
MARA_500,MARA,FIBER_PART1,1
MARA_500,MARA,FIBER_CODE2,1
MARA_500,MARA,FIBER_PART2,1
MARA_500,MARA,FIBER_CODE3,1
MARA_500,MARA,FIBER_PART3,1
MARA_500,MARA,FIBER_CODE4,1
MARA_500,MARA,FIBER_PART4,1
MARA_500,MARA,FIBER_CODE5,1
MARA_500,MARA,FIBER_PART5,1
MARA_500,MARA,FASHGRD,1
MARA_500,MAKT,MANDT,1
MARA_500,MAKT,MATNR,500
MARA_500,MARA_700,MANDT,1
MARA_500,MARA_700,MATNR,476
MARA_500,MARA_700,ERSDA,66
MARA_500,MARA_700,CREATED_AT_TIME,265
MARA_500,MARA_700,ERNAM,58
MARA_500,MARA_700,LAEDA,57
MARA_500,MARA_700,AENAM,62
MARA_500,MARA_700,VPSTA,153
MARA_500,MARA_700,PSTAT,134
MARA_500,MARA_700,LVORM,1
MARA_500,MARA_700,MTART,41
MARA_500,MARA_700,MBRSH,7
MARA_500,MARA_700,MATKL,21
MARA_500,MARA_700,BISMT,3
MARA_500,MARA_700,MEINS,19
MARA_500,MARA_700,BSTME,4
MARA_500,MARA_700,ZEINR,1
MARA_500,MARA_700,ZEIAR,1
MARA_500,MARA_700,ZEIVR,1
MARA_500,MARA_700,ZEIFO,1
MARA_500,MARA_700,AESZN,1
MARA_500,MARA_700,BLATT,1
MARA_500,MARA_700,BLANZ,1
MARA_500,MARA_700,FERTH,1
MARA_500,MARA_700,FORMT,1
MARA_500,MARA_700,GROES,1
MARA_500,MARA_700,WRKST,1
MARA_500,MARA_700,NORMT,1
MARA_500,MARA_700,LABOR,2
MARA_500,MARA_700,EKWSL,4
MARA_500,MARA_700,BRGEW,42
MARA_500,MARA_700,NTGEW,43
MARA_500,MARA_700,GEWEI,3
MARA_500,MARA_700,VOLUM,12
MARA_500,MARA_700,VOLEH,4
MARA_500,MARA_700,BEHVO,1
MARA_500,MARA_700,RAUBE,4
MARA_500,MARA_700,TEMPB,2
MARA_500,MARA_700,DISST,5
MARA_500,MARA_700,TRAGR,3
MARA_500,MARA_700,STOFF,1
MARA_500,MARA_700,SPART,8
MARA_500,MARA_700,KUNNR,1
MARA_500,MARA_700,EANNR,1
MARA_500,MARA_700,WESCH,1
MARA_500,MARA_700,BWVOR,1
MARA_500,MARA_700,BWSCL,1
MARA_500,MARA_700,SAISO,1
MARA_500,MARA_700,ETIAR,2
MARA_500,MARA_700,ETIFO,2
MARA_500,MARA_700,ENTAR,1
MARA_500,MARA_700,EAN11,10
MARA_500,MARA_700,NUMTP,2
MARA_500,MARA_700,LAENG,7
MARA_500,MARA_700,BREIT,7
MARA_500,MARA_700,HOEHE,5
MARA_500,MARA_700,MEABM,2
MARA_500,MARA_700,PRDHA,1
MARA_500,MARA_700,AEKLK,1
MARA_500,MARA_700,CADKZ,1
MARA_500,MARA_700,QMPUR,2
MARA_500,MARA_700,ERGEW,1
MARA_500,MARA_700,ERGEI,1
MARA_500,MARA_700,ERVOL,2
MARA_500,MARA_700,ERVOE,2
MARA_500,MARA_700,GEWTO,1
MARA_500,MARA_700,VOLTO,1
MARA_500,MARA_700,VABME,1
MARA_500,MARA_700,KZREV,1
MARA_500,MARA_700,KZKFG,2
MARA_500,MARA_700,XCHPF,2
MARA_500,MARA_700,VHART,8
MARA_500,MARA_700,FUELG,1
MARA_500,MARA_700,STFAK,1
MARA_500,MARA_700,MAGRV,3
MARA_500,MARA_700,BEGRU,2
MARA_500,MARA_700,DATAB,1
MARA_500,MARA_700,LIQDT,1
MARA_500,MARA_700,SAISJ,1
MARA_500,MARA_700,PLGTP,1
MARA_500,MARA_700,MLGUT,1
MARA_500,MARA_700,EXTWG,1
MARA_500,MARA_700,SATNR,1
MARA_500,MARA_700,ATTYP,1
MARA_500,MARA_700,KZKUP,2
MARA_500,MARA_700,KZNFM,1
MARA_500,MARA_700,PMATA,1
MARA_500,MARA_700,MSTAE,1
MARA_500,MARA_700,MSTAV,1
MARA_500,MARA_700,MSTDE,1
MARA_500,MARA_700,MSTDV,1
MARA_500,MARA_700,TAKLV,1
MARA_500,MARA_700,RBNRM,1
MARA_500,MARA_700,MHDRZ,4
MARA_500,MARA_700,MHDHB,6
MARA_500,MARA_700,MHDLP,1
MARA_500,MARA_700,INHME,1
MARA_500,MARA_700,INHAL,1
MARA_500,MARA_700,VPREH,1
MARA_500,MARA_700,ETIAG,1
MARA_500,MARA_700,INHBR,1
MARA_500,MARA_700,CMETH,1
MARA_500,MARA_700,CUOBF,1
MARA_500,MARA_700,KZUMW,2
MARA_500,MARA_700,KOSCH,1
MARA_500,MARA_700,SPROF,1
MARA_500,MARA_700,NRFHG,1
MARA_500,MARA_700,MFRPN,3
MARA_500,MARA_700,MFRNR,1
MARA_500,MARA_700,BMATN,2
MARA_500,MARA_700,MPROF,2
MARA_500,MARA_700,KZWSM,1
MARA_500,MARA_700,SAITY,1
MARA_500,MARA_700,PROFL,3
MARA_500,MARA_700,IHIVI,2
MARA_500,MARA_700,ILOOS,2
MARA_500,MARA_700,SERLV,1
MARA_500,MARA_700,KZGVH,1
MARA_500,MARA_700,XGCHP,1
MARA_500,MARA_700,KZEFF,1
MARA_500,MARA_700,COMPL,1
MARA_500,MARA_700,IPRKZ,3
MARA_500,MARA_700,RDMHD,1
MARA_500,MARA_700,PRZUS,1
MARA_500,MARA_700,MTPOS_MARA,18
MARA_500,MARA_700,BFLME,1
MARA_500,MARA_700,MATFI,1
MARA_500,MARA_700,CMREL,1
MARA_500,MARA_700,BBTYP,1
MARA_500,MARA_700,SLED_BBD,2
MARA_500,MARA_700,GTIN_VARIANT,1
MARA_500,MARA_700,GENNR,1
MARA_500,MARA_700,RMATP,1
MARA_500,MARA_700,GDS_RELEVANT,1
MARA_500,MARA_700,WEORA,1
MARA_500,MARA_700,HUTYP_DFLT,4
MARA_500,MARA_700,PILFERABLE,1
MARA_500,MARA_700,WHSTC,1
MARA_500,MARA_700,WHMATGR,1
MARA_500,MARA_700,HNDLCODE,1
MARA_500,MARA_700,HAZMAT,1
MARA_500,MARA_700,HUTYP,7
MARA_500,MARA_700,TARE_VAR,1
MARA_500,MARA_700,MAXC,1
MARA_500,MARA_700,MAXC_TOL,1
MARA_500,MARA_700,MAXL,1
MARA_500,MARA_700,MAXB,1
MARA_500,MARA_700,MAXH,1
MARA_500,MARA_700,MAXDIM_UOM,1
MARA_500,MARA_700,HERKL,1
MARA_500,MARA_700,MFRGR,1
MARA_500,MARA_700,QQTIME,1
MARA_500,MARA_700,QQTIMEUOM,1
MARA_500,MARA_700,QGRP,1
MARA_500,MARA_700,SERIAL,1
MARA_500,MARA_700,PS_SMARTFORM,1
MARA_500,MARA_700,LOGUNIT,1
MARA_500,MARA_700,CWQREL,1
MARA_500,MARA_700,CWQPROC,1
MARA_500,MARA_700,CWQTOLGR,1
MARA_500,MARA_700,ADPROF,1
MARA_500,MARA_700,IPMIPPRODUCT,1
MARA_500,MARA_700,ALLOW_PMAT_IGNO,1
MARA_500,MARA_700,MEDIUM,1
MARA_500,MARA_700,COMMODITY,1
MARA_500,MARA_700,ANIMAL_ORIGIN,1
MARA_500,MARA_700,TEXTILE_COMP_IND,1
MARA_500,MARA_700,LAST_CHANGED_TIME,283
MARA_500,MARA_700,MATNR_EXTERNAL,476
MARA_500,MARA_700,CHML_CMPLNC_RLVNCE_IND,2
MARA_500,MARA_700,LOGISTICAL_MAT_CATEGORY,1
MARA_500,MARA_700,SALES_MATERIAL,1
MARA_500,MARA_700,IDENTIFICATION_TAG_TYPE,1
MARA_500,MARA_700,PRODUCTOID,1
MARA_500,MARA_700,SDM_VERSION,1
MARA_500,MARA_700,SGT_CSGR,2
MARA_500,MARA_700,SGT_COVSA,2
MARA_500,MARA_700,SGT_STAT,2
MARA_500,MARA_700,SGT_SCOPE,2
MARA_500,MARA_700,SGT_REL,2
MARA_500,MARA_700,ANP,1
MARA_500,MARA_700,PSM_CODE,1
MARA_500,MARA_700,FSH_MG_AT1,1
MARA_500,MARA_700,FSH_MG_AT2,1
MARA_500,MARA_700,FSH_MG_AT3,1
MARA_500,MARA_700,FSH_SEALV,1
MARA_500,MARA_700,FSH_SEAIM,1
MARA_500,MARA_700,FSH_SC_MID,1
MARA_500,MARA_700,DUMMY_PRD_INCL_EEW_PS,1
MARA_500,MARA_700,SCM_MATID_GUID16,17
MARA_500,MARA_700,SCM_MATID_GUID22,476
MARA_500,MARA_700,SCM_MATURITY_DUR,1
MARA_500,MARA_700,SCM_SHLF_LFE_REQ_MIN,1
MARA_500,MARA_700,SCM_SHLF_LFE_REQ_MAX,1
MARA_500,MARA_700,SCM_PUOM,1
MARA_500,MARA_700,RMATP_PB,1
MARA_500,MARA_700,PROD_SHAPE,1
MARA_500,MARA_700,MO_PROFILE_ID,1
MARA_500,MARA_700,OVERHANG_TRESH,1
MARA_500,MARA_700,BRIDGE_TRESH,1
MARA_500,MARA_700,BRIDGE_MAX_SLOPE,1
MARA_500,MARA_700,HEIGHT_NONFLAT,1
MARA_500,MARA_700,HEIGHT_NONFLAT_UOM,1
MARA_500,MARA_700,SCM_KITCOMP,1
MARA_500,MARA_700,SCM_PROD_PAOOPT,1
MARA_500,MARA_700,SCM_BOD_DEPLVL,1
MARA_500,MARA_700,SCM_RESTRICT_INVBAL,1
MARA_500,MARA_700,SCM_DRP_GL_STOCK,1
MARA_500,MARA_700,SCM_EXCL_EXPEDITE,1
MARA_500,MARA_700,NEWPROD_INDI,1
MARA_500,MARA_700,PRD_STARTDT,1
MARA_500,MARA_700,PRD_ENDDT,1
MARA_500,MARA_700,INV_PLN_MODE,1
MARA_500,MARA_700,FLAGCLASS,2
MARA_500,MARA_700,/CWM/XCWMAT,1
MARA_500,MARA_700,/CWM/VALUM,1
MARA_500,MARA_700,/CWM/TOLGR,1
MARA_500,MARA_700,/CWM/TARA,1
MARA_500,MARA_700,/CWM/TARUM,1
MARA_500,MARA_700,/BEV1/LULEINH,1
MARA_500,MARA_700,/BEV1/LULDEGRP,1
MARA_500,MARA_700,/BEV1/NESTRUCCAT,1
MARA_500,MARA_700,/DSD/SL_TOLTYP,1
MARA_500,MARA_700,/DSD/SV_CNT_GRP,1
MARA_500,MARA_700,/DSD/VC_GROUP,1
MARA_500,MARA_700,/SAPMP/KADU,1
MARA_500,MARA_700,/SAPMP/ABMEIN,1
MARA_500,MARA_700,/SAPMP/KADP,1
MARA_500,MARA_700,/SAPMP/BRAD,1
MARA_500,MARA_700,/SAPMP/SPBI,1
MARA_500,MARA_700,/SAPMP/TRAD,1
MARA_500,MARA_700,/SAPMP/KEDU,1
MARA_500,MARA_700,/SAPMP/SPTR,1
MARA_500,MARA_700,/SAPMP/FBDK,1
MARA_500,MARA_700,/SAPMP/FBHK,1
MARA_500,MARA_700,/SAPMP/RILI,1
MARA_500,MARA_700,/SAPMP/FBAK,1
MARA_500,MARA_700,/SAPMP/AHO,1
MARA_500,MARA_700,/SAPMP/MIFRR,1
MARA_500,MARA_700,/STTPEC/SERTYPE,1
MARA_500,MARA_700,/STTPEC/SYNCACT,1
MARA_500,MARA_700,/STTPEC/SYNCTIME,1
MARA_500,MARA_700,/STTPEC/SYNCCHG,1
MARA_500,MARA_700,/STTPEC/COUNTRY_REF,1
MARA_500,MARA_700,/STTPEC/PRDCAT,1
MARA_500,MARA_700,/VSO/R_TILT_IND,1
MARA_500,MARA_700,/VSO/R_STACK_IND,1
MARA_500,MARA_700,/VSO/R_BOT_IND,1
MARA_500,MARA_700,/VSO/R_TOP_IND,1
MARA_500,MARA_700,/VSO/R_STACK_NO,1
MARA_500,MARA_700,/VSO/R_PAL_IND,1
MARA_500,MARA_700,/VSO/R_PAL_OVR_D,1
MARA_500,MARA_700,/VSO/R_PAL_OVR_W,1
MARA_500,MARA_700,/VSO/R_PAL_B_HT,1
MARA_500,MARA_700,/VSO/R_PAL_MIN_H,1
MARA_500,MARA_700,/VSO/R_TOL_B_HT,1
MARA_500,MARA_700,/VSO/R_NO_P_GVH,1
MARA_500,MARA_700,/VSO/R_QUAN_UNIT,1
MARA_500,MARA_700,/VSO/R_KZGVH_IND,1
MARA_500,MARA_700,PACKCODE,1
MARA_500,MARA_700,DG_PACK_STATUS,1
MARA_500,MARA_700,SRV_DURA,2
MARA_500,MARA_700,SRV_DURA_UOM,2
MARA_500,MARA_700,SRV_SERWI,2
MARA_500,MARA_700,SRV_ESCAL,2
MARA_500,MARA_700,SOM_CYCLE,1
MARA_500,MARA_700,SOM_CYCLE_RULE,1
MARA_500,MARA_700,SOM_TC_SCHEMA,1
MARA_500,MARA_700,SOM_CTR_AUTORENEWAL,1
MARA_500,MARA_700,MCOND,1
MARA_500,MARA_700,RETDELC,1
MARA_500,MARA_700,LOGLEV_RETO,1
MARA_500,MARA_700,NSNID,1
MARA_500,MARA_700,ICFA,1
MARA_500,MARA_700,RIC_ID,1
MARA_500,MARA_700,DFS_SENSITIVITY_KEY,1
MARA_500,MARA_700,DFS_MFRP2,1
MARA_500,MARA_700,OVLPN,1
MARA_500,MARA_700,ADSPC_SPC,1
MARA_500,MARA_700,VARID,1
MARA_500,MARA_700,MSBOOKPARTNO,1
MARA_500,MARA_700,TOLERANCE_TYPE,1
MARA_500,MARA_700,DPCBT,1
MARA_500,MARA_700,XGRDT,1
MARA_500,MARA_700,IMATN,1
MARA_500,MARA_700,PICNUM,1
MARA_500,MARA_700,BSTAT,1
MARA_500,MARA_700,COLOR_ATINN,1
MARA_500,MARA_700,SIZE1_ATINN,1
MARA_500,MARA_700,SIZE2_ATINN,1
MARA_500,MARA_700,COLOR,1
MARA_500,MARA_700,SIZE1,1
MARA_500,MARA_700,SIZE2,1
MARA_500,MARA_700,FREE_CHAR,1
MARA_500,MARA_700,CARE_CODE,1
MARA_500,MARA_700,BRAND_ID,1
MARA_500,MARA_700,FIBER_CODE1,1
MARA_500,MARA_700,FIBER_PART1,1
MARA_500,MARA_700,FIBER_CODE2,1
MARA_500,MARA_700,FIBER_PART2,1
MARA_500,MARA_700,FIBER_CODE3,1
MARA_500,MARA_700,FIBER_PART3,1
MARA_500,MARA_700,FIBER_CODE4,1
MARA_500,MARA_700,FIBER_PART4,1
MARA_500,MARA_700,FIBER_CODE5,1
MARA_500,MARA_700,FIBER_PART5,1
MARA_500,MARA_700,FASHGRD,1
MARA_500,VBAK,MANDT,1
MARA_500,VBAK,ERNAM,27
MARA_500,VBAK,SPART,3
MARA_500,VBAK,KUNNR,1
MARA_500,VBAK,SDM_VERSION,1
MARA_500,KNMT,MANDT,1
MARA_500,KNMT,MATNR,2
MARA_500,KNMT,ERNAM,6
MARA_500,KNMT,MEINS,4
MARA_700,MARA,MANDT,1
MARA_700,MARA,MATNR,700
MARA_700,MARA,ERSDA,114
MARA_700,MARA,CREATED_AT_TIME,485
MARA_700,MARA,ERNAM,89
MARA_700,MARA,LAEDA,104
MARA_700,MARA,AENAM,96
MARA_700,MARA,VPSTA,226
MARA_700,MARA,PSTAT,186
MARA_700,MARA,LVORM,1
MARA_700,MARA,MTART,46
MARA_700,MARA,MBRSH,9
MARA_700,MARA,MATKL,25
MARA_700,MARA,BISMT,4
MARA_700,MARA,MEINS,20
MARA_700,MARA,BSTME,5
MARA_700,MARA,ZEINR,1
MARA_700,MARA,ZEIAR,1
MARA_700,MARA,ZEIVR,1
MARA_700,MARA,ZEIFO,1
MARA_700,MARA,AESZN,1
MARA_700,MARA,BLATT,1
MARA_700,MARA,BLANZ,1
MARA_700,MARA,FERTH,1
MARA_700,MARA,FORMT,1
MARA_700,MARA,GROES,1
MARA_700,MARA,WRKST,1
MARA_700,MARA,NORMT,2
MARA_700,MARA,LABOR,2
MARA_700,MARA,EKWSL,6
MARA_700,MARA,BRGEW,46
MARA_700,MARA,NTGEW,45
MARA_700,MARA,GEWEI,3
MARA_700,MARA,VOLUM,14
MARA_700,MARA,VOLEH,4
MARA_700,MARA,BEHVO,1
MARA_700,MARA,RAUBE,4
MARA_700,MARA,TEMPB,2
MARA_700,MARA,DISST,5
MARA_700,MARA,TRAGR,5
MARA_700,MARA,STOFF,1
MARA_700,MARA,SPART,12
MARA_700,MARA,KUNNR,1
MARA_700,MARA,EANNR,1
MARA_700,MARA,WESCH,2
MARA_700,MARA,BWVOR,1
MARA_700,MARA,BWSCL,1
MARA_700,MARA,SAISO,1
MARA_700,MARA,ETIAR,2
MARA_700,MARA,ETIFO,2
MARA_700,MARA,ENTAR,1
MARA_700,MARA,EAN11,10
MARA_700,MARA,NUMTP,2
MARA_700,MARA,LAENG,7
MARA_700,MARA,BREIT,7
MARA_700,MARA,HOEHE,5
MARA_700,MARA,MEABM,2
MARA_700,MARA,PRDHA,1
MARA_700,MARA,AEKLK,1
MARA_700,MARA,CADKZ,1
MARA_700,MARA,QMPUR,2
MARA_700,MARA,ERGEW,1
MARA_700,MARA,ERGEI,1
MARA_700,MARA,ERVOL,2
MARA_700,MARA,ERVOE,2
MARA_700,MARA,GEWTO,1
MARA_700,MARA,VOLTO,1
MARA_700,MARA,VABME,2
MARA_700,MARA,KZREV,1
MARA_700,MARA,KZKFG,2
MARA_700,MARA,XCHPF,2
MARA_700,MARA,VHART,9
MARA_700,MARA,FUELG,1
MARA_700,MARA,STFAK,1
MARA_700,MARA,MAGRV,5
MARA_700,MARA,BEGRU,2
MARA_700,MARA,DATAB,1
MARA_700,MARA,LIQDT,1
MARA_700,MARA,SAISJ,1
MARA_700,MARA,PLGTP,1
MARA_700,MARA,MLGUT,1
MARA_700,MARA,EXTWG,2
MARA_700,MARA,SATNR,1
MARA_700,MARA,ATTYP,1
MARA_700,MARA,KZKUP,2
MARA_700,MARA,KZNFM,1
MARA_700,MARA,PMATA,1
MARA_700,MARA,MSTAE,3
MARA_700,MARA,MSTAV,2
MARA_700,MARA,MSTDE,12
MARA_700,MARA,MSTDV,2
MARA_700,MARA,TAKLV,1
MARA_700,MARA,RBNRM,1
MARA_700,MARA,MHDRZ,4
MARA_700,MARA,MHDHB,7
MARA_700,MARA,MHDLP,1
MARA_700,MARA,INHME,1
MARA_700,MARA,INHAL,1
MARA_700,MARA,VPREH,1
MARA_700,MARA,ETIAG,1
MARA_700,MARA,INHBR,1
MARA_700,MARA,CMETH,1
MARA_700,MARA,CUOBF,1
MARA_700,MARA,KZUMW,2
MARA_700,MARA,KOSCH,1
MARA_700,MARA,SPROF,1
MARA_700,MARA,NRFHG,1
MARA_700,MARA,MFRPN,4
MARA_700,MARA,MFRNR,2
MARA_700,MARA,BMATN,2
MARA_700,MARA,MPROF,2
MARA_700,MARA,KZWSM,1
MARA_700,MARA,SAITY,1
MARA_700,MARA,PROFL,3
MARA_700,MARA,IHIVI,2
MARA_700,MARA,ILOOS,2
MARA_700,MARA,SERLV,1
MARA_700,MARA,KZGVH,1
MARA_700,MARA,XGCHP,1
MARA_700,MARA,KZEFF,1
MARA_700,MARA,COMPL,1
MARA_700,MARA,IPRKZ,3
MARA_700,MARA,RDMHD,1
MARA_700,MARA,PRZUS,1
MARA_700,MARA,MTPOS_MARA,20
MARA_700,MARA,BFLME,1
MARA_700,MARA,MATFI,1
MARA_700,MARA,CMREL,1
MARA_700,MARA,BBTYP,1
MARA_700,MARA,SLED_BBD,2
MARA_700,MARA,GTIN_VARIANT,1
MARA_700,MARA,GENNR,1
MARA_700,MARA,RMATP,1
MARA_700,MARA,GDS_RELEVANT,1
MARA_700,MARA,WEORA,1
MARA_700,MARA,HUTYP_DFLT,4
MARA_700,MARA,PILFERABLE,1
MARA_700,MARA,WHSTC,1
MARA_700,MARA,WHMATGR,1
MARA_700,MARA,HNDLCODE,1
MARA_700,MARA,HAZMAT,1
MARA_700,MARA,HUTYP,8
MARA_700,MARA,TARE_VAR,1
MARA_700,MARA,MAXC,1
MARA_700,MARA,MAXC_TOL,1
MARA_700,MARA,MAXL,1
MARA_700,MARA,MAXB,1
MARA_700,MARA,MAXH,1
MARA_700,MARA,MAXDIM_UOM,1
MARA_700,MARA,HERKL,1
MARA_700,MARA,MFRGR,1
MARA_700,MARA,QQTIME,1
MARA_700,MARA,QQTIMEUOM,1
MARA_700,MARA,QGRP,1
MARA_700,MARA,SERIAL,1
MARA_700,MARA,PS_SMARTFORM,1
MARA_700,MARA,LOGUNIT,1
MARA_700,MARA,CWQREL,1
MARA_700,MARA,CWQPROC,1
MARA_700,MARA,CWQTOLGR,1
MARA_700,MARA,ADPROF,1
MARA_700,MARA,IPMIPPRODUCT,1
MARA_700,MARA,ALLOW_PMAT_IGNO,1
MARA_700,MARA,MEDIUM,1
MARA_700,MARA,COMMODITY,1
MARA_700,MARA,ANIMAL_ORIGIN,1
MARA_700,MARA,TEXTILE_COMP_IND,1
MARA_700,MARA,LAST_CHANGED_TIME,504
MARA_700,MARA,MATNR_EXTERNAL,700
MARA_700,MARA,CHML_CMPLNC_RLVNCE_IND,2
MARA_700,MARA,LOGISTICAL_MAT_CATEGORY,1
MARA_700,MARA,SALES_MATERIAL,1
MARA_700,MARA,IDENTIFICATION_TAG_TYPE,1
MARA_700,MARA,PRODUCTOID,1
MARA_700,MARA,SDM_VERSION,1
MARA_700,MARA,SGT_CSGR,2
MARA_700,MARA,SGT_COVSA,2
MARA_700,MARA,SGT_STAT,2
MARA_700,MARA,SGT_SCOPE,2
MARA_700,MARA,SGT_REL,2
MARA_700,MARA,ANP,1
MARA_700,MARA,PSM_CODE,1
MARA_700,MARA,FSH_MG_AT1,1
MARA_700,MARA,FSH_MG_AT2,1
MARA_700,MARA,FSH_MG_AT3,1
MARA_700,MARA,FSH_SEALV,1
MARA_700,MARA,FSH_SEAIM,1
MARA_700,MARA,FSH_SC_MID,1
MARA_700,MARA,DUMMY_PRD_INCL_EEW_PS,1
MARA_700,MARA,SCM_MATID_GUID16,22
MARA_700,MARA,SCM_MATID_GUID22,700
MARA_700,MARA,SCM_MATURITY_DUR,1
MARA_700,MARA,SCM_SHLF_LFE_REQ_MIN,1
MARA_700,MARA,SCM_SHLF_LFE_REQ_MAX,1
MARA_700,MARA,SCM_PUOM,1
MARA_700,MARA,RMATP_PB,1
MARA_700,MARA,PROD_SHAPE,1
MARA_700,MARA,MO_PROFILE_ID,1
MARA_700,MARA,OVERHANG_TRESH,1
MARA_700,MARA,BRIDGE_TRESH,1
MARA_700,MARA,BRIDGE_MAX_SLOPE,1
MARA_700,MARA,HEIGHT_NONFLAT,1
MARA_700,MARA,HEIGHT_NONFLAT_UOM,1
MARA_700,MARA,SCM_KITCOMP,1
MARA_700,MARA,SCM_PROD_PAOOPT,1
MARA_700,MARA,SCM_BOD_DEPLVL,1
MARA_700,MARA,SCM_RESTRICT_INVBAL,1
MARA_700,MARA,SCM_DRP_GL_STOCK,1
MARA_700,MARA,SCM_EXCL_EXPEDITE,1
MARA_700,MARA,NEWPROD_INDI,1
MARA_700,MARA,PRD_STARTDT,1
MARA_700,MARA,PRD_ENDDT,1
MARA_700,MARA,INV_PLN_MODE,1
MARA_700,MARA,FLAGCLASS,2
MARA_700,MARA,/CWM/XCWMAT,1
MARA_700,MARA,/CWM/VALUM,1
MARA_700,MARA,/CWM/TOLGR,1
MARA_700,MARA,/CWM/TARA,1
MARA_700,MARA,/CWM/TARUM,1
MARA_700,MARA,/BEV1/LULEINH,1
MARA_700,MARA,/BEV1/LULDEGRP,1
MARA_700,MARA,/BEV1/NESTRUCCAT,1
MARA_700,MARA,/DSD/SL_TOLTYP,1
MARA_700,MARA,/DSD/SV_CNT_GRP,1
MARA_700,MARA,/DSD/VC_GROUP,1
MARA_700,MARA,/SAPMP/KADU,1
MARA_700,MARA,/SAPMP/ABMEIN,1
MARA_700,MARA,/SAPMP/KADP,1
MARA_700,MARA,/SAPMP/BRAD,1
MARA_700,MARA,/SAPMP/SPBI,1
MARA_700,MARA,/SAPMP/TRAD,1
MARA_700,MARA,/SAPMP/KEDU,1
MARA_700,MARA,/SAPMP/SPTR,1
MARA_700,MARA,/SAPMP/FBDK,1
MARA_700,MARA,/SAPMP/FBHK,1
MARA_700,MARA,/SAPMP/RILI,1
MARA_700,MARA,/SAPMP/FBAK,1
MARA_700,MARA,/SAPMP/AHO,1
MARA_700,MARA,/SAPMP/MIFRR,1
MARA_700,MARA,/STTPEC/SERTYPE,1
MARA_700,MARA,/STTPEC/SYNCACT,1
MARA_700,MARA,/STTPEC/SYNCTIME,1
MARA_700,MARA,/STTPEC/SYNCCHG,1
MARA_700,MARA,/STTPEC/COUNTRY_REF,1
MARA_700,MARA,/STTPEC/PRDCAT,1
MARA_700,MARA,/VSO/R_TILT_IND,1
MARA_700,MARA,/VSO/R_STACK_IND,1
MARA_700,MARA,/VSO/R_BOT_IND,1
MARA_700,MARA,/VSO/R_TOP_IND,1
MARA_700,MARA,/VSO/R_STACK_NO,1
MARA_700,MARA,/VSO/R_PAL_IND,1
MARA_700,MARA,/VSO/R_PAL_OVR_D,1
MARA_700,MARA,/VSO/R_PAL_OVR_W,1
MARA_700,MARA,/VSO/R_PAL_B_HT,1
MARA_700,MARA,/VSO/R_PAL_MIN_H,1
MARA_700,MARA,/VSO/R_TOL_B_HT,1
MARA_700,MARA,/VSO/R_NO_P_GVH,1
MARA_700,MARA,/VSO/R_QUAN_UNIT,1
MARA_700,MARA,/VSO/R_KZGVH_IND,1
MARA_700,MARA,PACKCODE,1
MARA_700,MARA,DG_PACK_STATUS,1
MARA_700,MARA,SRV_DURA,2
MARA_700,MARA,SRV_DURA_UOM,2
MARA_700,MARA,SRV_SERWI,2
MARA_700,MARA,SRV_ESCAL,2
MARA_700,MARA,SOM_CYCLE,1
MARA_700,MARA,SOM_CYCLE_RULE,1
MARA_700,MARA,SOM_TC_SCHEMA,1
MARA_700,MARA,SOM_CTR_AUTORENEWAL,1
MARA_700,MARA,MCOND,1
MARA_700,MARA,RETDELC,1
MARA_700,MARA,LOGLEV_RETO,1
MARA_700,MARA,NSNID,1
MARA_700,MARA,ICFA,1
MARA_700,MARA,RIC_ID,1
MARA_700,MARA,DFS_SENSITIVITY_KEY,1
MARA_700,MARA,DFS_MFRP2,1
MARA_700,MARA,OVLPN,1
MARA_700,MARA,ADSPC_SPC,1
MARA_700,MARA,VARID,1
MARA_700,MARA,MSBOOKPARTNO,1
MARA_700,MARA,TOLERANCE_TYPE,1
MARA_700,MARA,DPCBT,1
MARA_700,MARA,XGRDT,1
MARA_700,MARA,IMATN,1
MARA_700,MARA,PICNUM,1
MARA_700,MARA,BSTAT,1
MARA_700,MARA,COLOR_ATINN,1
MARA_700,MARA,SIZE1_ATINN,1
MARA_700,MARA,SIZE2_ATINN,1
MARA_700,MARA,COLOR,1
MARA_700,MARA,SIZE1,1
MARA_700,MARA,SIZE2,1
MARA_700,MARA,FREE_CHAR,1
MARA_700,MARA,CARE_CODE,1
MARA_700,MARA,BRAND_ID,1
MARA_700,MARA,FIBER_CODE1,1
MARA_700,MARA,FIBER_PART1,1
MARA_700,MARA,FIBER_CODE2,1
MARA_700,MARA,FIBER_PART2,1
MARA_700,MARA,FIBER_CODE3,1
MARA_700,MARA,FIBER_PART3,1
MARA_700,MARA,FIBER_CODE4,1
MARA_700,MARA,FIBER_PART4,1
MARA_700,MARA,FIBER_CODE5,1
MARA_700,MARA,FIBER_PART5,1
MARA_700,MARA,FASHGRD,1
MARA_700,MAKT,MANDT,1
MARA_700,MAKT,MATNR,700
MARA_700,MARA_500,MANDT,1
MARA_700,MARA_500,MATNR,476
MARA_700,MARA_500,ERSDA,66
MARA_700,MARA_500,CREATED_AT_TIME,265
MARA_700,MARA_500,ERNAM,58
MARA_700,MARA_500,LAEDA,57
MARA_700,MARA_500,AENAM,62
MARA_700,MARA_500,VPSTA,153
MARA_700,MARA_500,PSTAT,134
MARA_700,MARA_500,LVORM,1
MARA_700,MARA_500,MTART,41
MARA_700,MARA_500,MBRSH,7
MARA_700,MARA_500,MATKL,21
MARA_700,MARA_500,BISMT,3
MARA_700,MARA_500,MEINS,19
MARA_700,MARA_500,BSTME,4
MARA_700,MARA_500,ZEINR,1
MARA_700,MARA_500,ZEIAR,1
MARA_700,MARA_500,ZEIVR,1
MARA_700,MARA_500,ZEIFO,1
MARA_700,MARA_500,AESZN,1
MARA_700,MARA_500,BLATT,1
MARA_700,MARA_500,BLANZ,1
MARA_700,MARA_500,FERTH,1
MARA_700,MARA_500,FORMT,1
MARA_700,MARA_500,GROES,1
MARA_700,MARA_500,WRKST,1
MARA_700,MARA_500,NORMT,1
MARA_700,MARA_500,LABOR,2
MARA_700,MARA_500,EKWSL,4
MARA_700,MARA_500,BRGEW,42
MARA_700,MARA_500,NTGEW,43
MARA_700,MARA_500,GEWEI,3
MARA_700,MARA_500,VOLUM,12
MARA_700,MARA_500,VOLEH,4
MARA_700,MARA_500,BEHVO,1
MARA_700,MARA_500,RAUBE,4
MARA_700,MARA_500,TEMPB,2
MARA_700,MARA_500,DISST,5
MARA_700,MARA_500,TRAGR,3
MARA_700,MARA_500,STOFF,1
MARA_700,MARA_500,SPART,8
MARA_700,MARA_500,KUNNR,1
MARA_700,MARA_500,EANNR,1
MARA_700,MARA_500,WESCH,1
MARA_700,MARA_500,BWVOR,1
MARA_700,MARA_500,BWSCL,1
MARA_700,MARA_500,SAISO,1
MARA_700,MARA_500,ETIAR,2
MARA_700,MARA_500,ETIFO,2
MARA_700,MARA_500,ENTAR,1
MARA_700,MARA_500,EAN11,10
MARA_700,MARA_500,NUMTP,2
MARA_700,MARA_500,LAENG,7
MARA_700,MARA_500,BREIT,7
MARA_700,MARA_500,HOEHE,5
MARA_700,MARA_500,MEABM,2
MARA_700,MARA_500,PRDHA,1
MARA_700,MARA_500,AEKLK,1
MARA_700,MARA_500,CADKZ,1
MARA_700,MARA_500,QMPUR,2
MARA_700,MARA_500,ERGEW,1
MARA_700,MARA_500,ERGEI,1
MARA_700,MARA_500,ERVOL,2
MARA_700,MARA_500,ERVOE,2
MARA_700,MARA_500,GEWTO,1
MARA_700,MARA_500,VOLTO,1
MARA_700,MARA_500,VABME,1
MARA_700,MARA_500,KZREV,1
MARA_700,MARA_500,KZKFG,2
MARA_700,MARA_500,XCHPF,2
MARA_700,MARA_500,VHART,8
MARA_700,MARA_500,FUELG,1
MARA_700,MARA_500,STFAK,1
MARA_700,MARA_500,MAGRV,3
MARA_700,MARA_500,BEGRU,2
MARA_700,MARA_500,DATAB,1
MARA_700,MARA_500,LIQDT,1
MARA_700,MARA_500,SAISJ,1
MARA_700,MARA_500,PLGTP,1
MARA_700,MARA_500,MLGUT,1
MARA_700,MARA_500,EXTWG,1
MARA_700,MARA_500,SATNR,1
MARA_700,MARA_500,ATTYP,1
MARA_700,MARA_500,KZKUP,2
MARA_700,MARA_500,KZNFM,1
MARA_700,MARA_500,PMATA,1
MARA_700,MARA_500,MSTAE,1
MARA_700,MARA_500,MSTAV,1
MARA_700,MARA_500,MSTDE,1
MARA_700,MARA_500,MSTDV,1
MARA_700,MARA_500,TAKLV,1
MARA_700,MARA_500,RBNRM,1
MARA_700,MARA_500,MHDRZ,4
MARA_700,MARA_500,MHDHB,6
MARA_700,MARA_500,MHDLP,1
MARA_700,MARA_500,INHME,1
MARA_700,MARA_500,INHAL,1
MARA_700,MARA_500,VPREH,1
MARA_700,MARA_500,ETIAG,1
MARA_700,MARA_500,INHBR,1
MARA_700,MARA_500,CMETH,1
MARA_700,MARA_500,CUOBF,1
MARA_700,MARA_500,KZUMW,2
MARA_700,MARA_500,KOSCH,1
MARA_700,MARA_500,SPROF,1
MARA_700,MARA_500,NRFHG,1
MARA_700,MARA_500,MFRPN,3
MARA_700,MARA_500,MFRNR,1
MARA_700,MARA_500,BMATN,2
MARA_700,MARA_500,MPROF,2
MARA_700,MARA_500,KZWSM,1
MARA_700,MARA_500,SAITY,1
MARA_700,MARA_500,PROFL,3
MARA_700,MARA_500,IHIVI,2
MARA_700,MARA_500,ILOOS,2
MARA_700,MARA_500,SERLV,1
MARA_700,MARA_500,KZGVH,1
MARA_700,MARA_500,XGCHP,1
MARA_700,MARA_500,KZEFF,1
MARA_700,MARA_500,COMPL,1
MARA_700,MARA_500,IPRKZ,3
MARA_700,MARA_500,RDMHD,1
MARA_700,MARA_500,PRZUS,1
MARA_700,MARA_500,MTPOS_MARA,18
MARA_700,MARA_500,BFLME,1
MARA_700,MARA_500,MATFI,1
MARA_700,MARA_500,CMREL,1
MARA_700,MARA_500,BBTYP,1
MARA_700,MARA_500,SLED_BBD,2
MARA_700,MARA_500,GTIN_VARIANT,1
MARA_700,MARA_500,GENNR,1
MARA_700,MARA_500,RMATP,1
MARA_700,MARA_500,GDS_RELEVANT,1
MARA_700,MARA_500,WEORA,1
MARA_700,MARA_500,HUTYP_DFLT,4
MARA_700,MARA_500,PILFERABLE,1
MARA_700,MARA_500,WHSTC,1
MARA_700,MARA_500,WHMATGR,1
MARA_700,MARA_500,HNDLCODE,1
MARA_700,MARA_500,HAZMAT,1
MARA_700,MARA_500,HUTYP,7
MARA_700,MARA_500,TARE_VAR,1
MARA_700,MARA_500,MAXC,1
MARA_700,MARA_500,MAXC_TOL,1
MARA_700,MARA_500,MAXL,1
MARA_700,MARA_500,MAXB,1
MARA_700,MARA_500,MAXH,1
MARA_700,MARA_500,MAXDIM_UOM,1
MARA_700,MARA_500,HERKL,1
MARA_700,MARA_500,MFRGR,1
MARA_700,MARA_500,QQTIME,1
MARA_700,MARA_500,QQTIMEUOM,1
MARA_700,MARA_500,QGRP,1
MARA_700,MARA_500,SERIAL,1
MARA_700,MARA_500,PS_SMARTFORM,1
MARA_700,MARA_500,LOGUNIT,1
MARA_700,MARA_500,CWQREL,1
MARA_700,MARA_500,CWQPROC,1
MARA_700,MARA_500,CWQTOLGR,1
MARA_700,MARA_500,ADPROF,1
MARA_700,MARA_500,IPMIPPRODUCT,1
MARA_700,MARA_500,ALLOW_PMAT_IGNO,1
MARA_700,MARA_500,MEDIUM,1
MARA_700,MARA_500,COMMODITY,1
MARA_700,MARA_500,ANIMAL_ORIGIN,1
MARA_700,MARA_500,TEXTILE_COMP_IND,1
MARA_700,MARA_500,LAST_CHANGED_TIME,283
MARA_700,MARA_500,MATNR_EXTERNAL,476
MARA_700,MARA_500,CHML_CMPLNC_RLVNCE_IND,2
MARA_700,MARA_500,LOGISTICAL_MAT_CATEGORY,1
MARA_700,MARA_500,SALES_MATERIAL,1
MARA_700,MARA_500,IDENTIFICATION_TAG_TYPE,1
MARA_700,MARA_500,PRODUCTOID,1
MARA_700,MARA_500,SDM_VERSION,1
MARA_700,MARA_500,SGT_CSGR,2
MARA_700,MARA_500,SGT_COVSA,2
MARA_700,MARA_500,SGT_STAT,2
MARA_700,MARA_500,SGT_SCOPE,2
MARA_700,MARA_500,SGT_REL,2
MARA_700,MARA_500,ANP,1
MARA_700,MARA_500,PSM_CODE,1
MARA_700,MARA_500,FSH_MG_AT1,1
MARA_700,MARA_500,FSH_MG_AT2,1
MARA_700,MARA_500,FSH_MG_AT3,1
MARA_700,MARA_500,FSH_SEALV,1
MARA_700,MARA_500,FSH_SEAIM,1
MARA_700,MARA_500,FSH_SC_MID,1
MARA_700,MARA_500,DUMMY_PRD_INCL_EEW_PS,1
MARA_700,MARA_500,SCM_MATID_GUID16,17
MARA_700,MARA_500,SCM_MATID_GUID22,476
MARA_700,MARA_500,SCM_MATURITY_DUR,1
MARA_700,MARA_500,SCM_SHLF_LFE_REQ_MIN,1
MARA_700,MARA_500,SCM_SHLF_LFE_REQ_MAX,1
MARA_700,MARA_500,SCM_PUOM,1
MARA_700,MARA_500,RMATP_PB,1
MARA_700,MARA_500,PROD_SHAPE,1
MARA_700,MARA_500,MO_PROFILE_ID,1
MARA_700,MARA_500,OVERHANG_TRESH,1
MARA_700,MARA_500,BRIDGE_TRESH,1
MARA_700,MARA_500,BRIDGE_MAX_SLOPE,1
MARA_700,MARA_500,HEIGHT_NONFLAT,1
MARA_700,MARA_500,HEIGHT_NONFLAT_UOM,1
MARA_700,MARA_500,SCM_KITCOMP,1
MARA_700,MARA_500,SCM_PROD_PAOOPT,1
MARA_700,MARA_500,SCM_BOD_DEPLVL,1
MARA_700,MARA_500,SCM_RESTRICT_INVBAL,1
MARA_700,MARA_500,SCM_DRP_GL_STOCK,1
MARA_700,MARA_500,SCM_EXCL_EXPEDITE,1
MARA_700,MARA_500,NEWPROD_INDI,1
MARA_700,MARA_500,PRD_STARTDT,1
MARA_700,MARA_500,PRD_ENDDT,1
MARA_700,MARA_500,INV_PLN_MODE,1
MARA_700,MARA_500,FLAGCLASS,2
MARA_700,MARA_500,/CWM/XCWMAT,1
MARA_700,MARA_500,/CWM/VALUM,1
MARA_700,MARA_500,/CWM/TOLGR,1
MARA_700,MARA_500,/CWM/TARA,1
MARA_700,MARA_500,/CWM/TARUM,1
MARA_700,MARA_500,/BEV1/LULEINH,1
MARA_700,MARA_500,/BEV1/LULDEGRP,1
MARA_700,MARA_500,/BEV1/NESTRUCCAT,1
MARA_700,MARA_500,/DSD/SL_TOLTYP,1
MARA_700,MARA_500,/DSD/SV_CNT_GRP,1
MARA_700,MARA_500,/DSD/VC_GROUP,1
MARA_700,MARA_500,/SAPMP/KADU,1
MARA_700,MARA_500,/SAPMP/ABMEIN,1
MARA_700,MARA_500,/SAPMP/KADP,1
MARA_700,MARA_500,/SAPMP/BRAD,1
MARA_700,MARA_500,/SAPMP/SPBI,1
MARA_700,MARA_500,/SAPMP/TRAD,1
MARA_700,MARA_500,/SAPMP/KEDU,1
MARA_700,MARA_500,/SAPMP/SPTR,1
MARA_700,MARA_500,/SAPMP/FBDK,1
MARA_700,MARA_500,/SAPMP/FBHK,1
MARA_700,MARA_500,/SAPMP/RILI,1
MARA_700,MARA_500,/SAPMP/FBAK,1
MARA_700,MARA_500,/SAPMP/AHO,1
MARA_700,MARA_500,/SAPMP/MIFRR,1
MARA_700,MARA_500,/STTPEC/SERTYPE,1
MARA_700,MARA_500,/STTPEC/SYNCACT,1
MARA_700,MARA_500,/STTPEC/SYNCTIME,1
MARA_700,MARA_500,/STTPEC/SYNCCHG,1
MARA_700,MARA_500,/STTPEC/COUNTRY_REF,1
MARA_700,MARA_500,/STTPEC/PRDCAT,1
MARA_700,MARA_500,/VSO/R_TILT_IND,1
MARA_700,MARA_500,/VSO/R_STACK_IND,1
MARA_700,MARA_500,/VSO/R_BOT_IND,1
MARA_700,MARA_500,/VSO/R_TOP_IND,1
MARA_700,MARA_500,/VSO/R_STACK_NO,1
MARA_700,MARA_500,/VSO/R_PAL_IND,1
MARA_700,MARA_500,/VSO/R_PAL_OVR_D,1
MARA_700,MARA_500,/VSO/R_PAL_OVR_W,1
MARA_700,MARA_500,/VSO/R_PAL_B_HT,1
MARA_700,MARA_500,/VSO/R_PAL_MIN_H,1
MARA_700,MARA_500,/VSO/R_TOL_B_HT,1
MARA_700,MARA_500,/VSO/R_NO_P_GVH,1
MARA_700,MARA_500,/VSO/R_QUAN_UNIT,1
MARA_700,MARA_500,/VSO/R_KZGVH_IND,1
MARA_700,MARA_500,PACKCODE,1
MARA_700,MARA_500,DG_PACK_STATUS,1
MARA_700,MARA_500,SRV_DURA,2
MARA_700,MARA_500,SRV_DURA_UOM,2
MARA_700,MARA_500,SRV_SERWI,2
MARA_700,MARA_500,SRV_ESCAL,2
MARA_700,MARA_500,SOM_CYCLE,1
MARA_700,MARA_500,SOM_CYCLE_RULE,1
MARA_700,MARA_500,SOM_TC_SCHEMA,1
MARA_700,MARA_500,SOM_CTR_AUTORENEWAL,1
MARA_700,MARA_500,MCOND,1
MARA_700,MARA_500,RETDELC,1
MARA_700,MARA_500,LOGLEV_RETO,1
MARA_700,MARA_500,NSNID,1
MARA_700,MARA_500,ICFA,1
MARA_700,MARA_500,RIC_ID,1
MARA_700,MARA_500,DFS_SENSITIVITY_KEY,1
MARA_700,MARA_500,DFS_MFRP2,1
MARA_700,MARA_500,OVLPN,1
MARA_700,MARA_500,ADSPC_SPC,1
MARA_700,MARA_500,VARID,1
MARA_700,MARA_500,MSBOOKPARTNO,1
MARA_700,MARA_500,TOLERANCE_TYPE,1
MARA_700,MARA_500,DPCBT,1
MARA_700,MARA_500,XGRDT,1
MARA_700,MARA_500,IMATN,1
MARA_700,MARA_500,PICNUM,1
MARA_700,MARA_500,BSTAT,1
MARA_700,MARA_500,COLOR_ATINN,1
MARA_700,MARA_500,SIZE1_ATINN,1
MARA_700,MARA_500,SIZE2_ATINN,1
MARA_700,MARA_500,COLOR,1
MARA_700,MARA_500,SIZE1,1
MARA_700,MARA_500,SIZE2,1
MARA_700,MARA_500,FREE_CHAR,1
MARA_700,MARA_500,CARE_CODE,1
MARA_700,MARA_500,BRAND_ID,1
MARA_700,MARA_500,FIBER_CODE1,1
MARA_700,MARA_500,FIBER_PART1,1
MARA_700,MARA_500,FIBER_CODE2,1
MARA_700,MARA_500,FIBER_PART2,1
MARA_700,MARA_500,FIBER_CODE3,1
MARA_700,MARA_500,FIBER_PART3,1
MARA_700,MARA_500,FIBER_CODE4,1
MARA_700,MARA_500,FIBER_PART4,1
MARA_700,MARA_500,FIBER_CODE5,1
MARA_700,MARA_500,FIBER_PART5,1
MARA_700,MARA_500,FASHGRD,1
MARA_700,VBAK,MANDT,1
MARA_700,VBAK,ERNAM,39
MARA_700,VBAK,SPART,5
MARA_700,VBAK,KUNNR,1
MARA_700,VBAK,SDM_VERSION,1
MARA_700,KNMT,MANDT,1
MARA_700,KNMT,MATNR,22
MARA_700,KNMT,ERNAM,9
MARA_700,KNMT,MEINS,4
VBAK,MARA,MANDT,1
VBAK,MARA,ERNAM,60
VBAK,MARA,SPART,6
VBAK,MARA,KUNNR,1
VBAK,MARA,SDM_VERSION,1
VBAK,MAKT,MANDT,1
VBAK,MARA_500,MANDT,1
VBAK,MARA_500,ERNAM,27
VBAK,MARA_500,SPART,3
VBAK,MARA_500,KUNNR,1
VBAK,MARA_500,SDM_VERSION,1
VBAK,MARA_700,MANDT,1
VBAK,MARA_700,ERNAM,39
VBAK,MARA_700,SPART,5
VBAK,MARA_700,KUNNR,1
VBAK,MARA_700,SDM_VERSION,1
VBAK,KNMT,MANDT,1
VBAK,KNMT,ERDAT,29
VBAK,KNMT,ERNAM,12
VBAK,KNMT,VKORG,4
VBAK,KNMT,VTWEG,4
VBAK,KNMT,KUNNR,14
VBAK,KNMT,UPD_TMSTMP,1
VBAK,KNMT,LAST_CHANGED_BY_USER,14
KNMT,MARA,MANDT,1
KNMT,MARA,MATNR,57
KNMT,MARA,ERNAM,14
KNMT,MARA,MEINS,5
KNMT,MAKT,MANDT,1
KNMT,MAKT,MATNR,57
KNMT,MARA_500,MANDT,1
KNMT,MARA_500,MATNR,2
KNMT,MARA_500,ERNAM,6
KNMT,MARA_500,MEINS,4
KNMT,MARA_700,MANDT,1
KNMT,MARA_700,MATNR,22
KNMT,MARA_700,ERNAM,9
KNMT,MARA_700,MEINS,4
KNMT,VBAK,MANDT,1
KNMT,VBAK,VKORG,4
KNMT,VBAK,VTWEG,4
KNMT,VBAK,KUNNR,14
KNMT,VBAK,ERNAM,12
KNMT,VBAK,ERDAT,29
KNMT,VBAK,UPD_TMSTMP,1
KNMT,VBAK,LAST_CHANGED_BY_USER,14
t_5_Material_General_Data_mandatory,t_1_Material_General_Data_mandatory,MATERIAL,57
t_5_Material_General_Data_mandatory,t_1_Material_General_Data_mandatory,MATERIALBYCUSTOMER,1
t_5_Material_General_Data_mandatory,t_1_Material_General_Data_mandatory,MATERIALDESCRIPTIONBYCUSTOMER,1
t_5_Material_General_Data_mandatory,t_1_Material_General_Data_mandatory,CUSTOMERMATERIALSEARCHTERM,1
t_5_Material_General_Data_mandatory,t_1_Material_General_Data_mandatory,PLANT,1
t_5_Material_General_Data_mandatory,t_1_Material_General_Data_mandatory,DELIVERYPRIORITY,1
t_5_Material_General_Data_mandatory,t_1_Material_General_Data_mandatory,MINDELIVERYQTYINBASEUNIT,1
t_5_Material_General_Data_mandatory,t_1_Material_General_Data_mandatory,PARTIALDELIVERYISALLOWED,1
t_5_Material_General_Data_mandatory,t_1_Material_General_Data_mandatory,MAXNMBROFPARTIALDELIVERY,1
t_5_Material_General_Data_mandatory,t_1_Material_General_Data_mandatory,UNDERDELIVTOLRTDLMTRATIOINPCT,1
t_5_Material_General_Data_mandatory,t_1_Material_General_Data_mandatory,OVERDELIVTOLRTDLMTRATIOINPCT,1
t_5_Material_General_Data_mandatory,t_1_Material_General_Data_mandatory,UNLIMITEDOVERDELIVERYISALLOWED,1
t_5_Material_General_Data_mandatory,t_1_Material_General_Data_mandatory,CUSTOMERMATERIALITEMUSAGE,1
t_5_Material_General_Data_mandatory,t_1_Material_General_Data_mandatory,SALESUNIT,1
t_5_Material_General_Data_mandatory,t_1_Material_General_Data_mandatory,SALESQTYTOBASEQTYDNMNTR,1
t_5_Material_General_Data_mandatory,t_1_Material_General_Data_mandatory,SALESQTYTOBASEQTYNMRTR,1
